Age,Income,Coapplicant_Income,Dependents,Employ_Status,Debt,PrevLDefault,CIBIL_Score,Loan_Approval
61,26587,10296,1,Employed,56824,1,465,0
36,23236,13264,3,Self-employed,78620,1,456,1
66,19245,32648,5,Employed,34596,0,572,0
29,64148,19563,1,Employed,59612,0,620,0
43,101424,49221,1,Unemployed,1523,0,659,0
64,112976,81845,5,Employed,92133,1,392,1
39,87834,21621,1,Employed,55327,0,569,0
32,142469,63510,0,Unemployed,58658,0,652,0
61,51547,96508,2,Unemployed,97324,0,564,0
28,18027,84070,3,Self-employed,48601,0,576,1
55,73863,46395,3,Self-employed,42363,1,475,0
70,24675,86575,3,Unemployed,95968,0,595,0
52,25770,11040,3,Self-employed,59732,0,571,0
32,24204,72366,0,Self-employed,99095,0,623,0
42,122959,93206,3,Unemployed,45691,0,620,1
68,26657,48919,1,Employed,6010,0,628,0
52,61861,91447,3,Unemployed,62728,1,447,1
47,143011,56125,5,Self-employed,74907,0,524,1
41,94290,29666,2,Employed,53910,1,434,1
73,30692,60432,3,Employed,62206,1,438,0
58,98003,69651,5,Unemployed,35331,1,470,1
60,24201,75937,4,Unemployed,65281,0,604,0
24,49469,66864,3,Unemployed,24922,0,613,1
59,28108,37611,2,Employed,42295,1,472,1
25,19332,92596,5,Self-employed,43608,0,599,1
63,138040,64825,1,Self-employed,45719,0,585,1
64,107273,86440,3,Self-employed,83863,0,588,1
72,115783,47325,4,Unemployed,49019,1,443,1
60,35502,49545,3,Unemployed,87755,1,462,1
59,31896,40231,1,Self-employed,41838,1,437,1
63,62689,16830,0,Unemployed,36320,1,473,0
54,106245,35082,0,Unemployed,12177,1,484,0
79,49949,31365,4,Employed,54782,0,565,1
24,130716,65482,5,Employed,23073,1,464,1
26,121355,92966,3,Employed,40958,1,429,1
45,131323,95386,1,Self-employed,58002,0,587,0
25,46232,91168,2,Unemployed,16725,0,611,1
67,29673,81995,5,Self-employed,40671,1,394,0
27,43373,28168,3,Self-employed,28478,1,460,0
52,137735,96036,1,Self-employed,84112,1,458,0
40,127868,22615,5,Employed,17300,1,456,0
78,92225,15369,4,Self-employed,27251,0,588,0
52,44023,71301,4,Self-employed,20455,0,574,1
23,72176,68023,3,Unemployed,45118,0,578,1
37,93951,49130,3,Self-employed,88842,0,563,1
73,114902,79789,5,Self-employed,85052,0,588,1
67,51666,66431,2,Unemployed,10062,0,623,1
33,138487,18902,5,Employed,6952,1,453,0
71,66685,39037,0,Self-employed,7472,1,463,1
25,90024,97902,4,Self-employed,78093,1,441,1
47,134916,82312,5,Self-employed,1717,0,621,0
36,116803,24689,4,Employed,93690,0,540,1
70,110523,28968,5,Employed,72008,0,569,0
60,32219,67231,0,Employed,90967,1,486,1
67,105828,50805,1,Self-employed,54838,0,592,0
29,145482,61538,0,Employed,62919,1,492,1
71,137426,98776,2,Unemployed,53877,0,570,1
66,56955,22738,2,Employed,53488,0,618,0
79,133657,74338,1,Unemployed,79981,0,565,0
36,126380,25316,4,Unemployed,38139,1,414,0
62,119448,62010,4,Unemployed,92080,1,410,0
66,85925,39825,4,Self-employed,97150,1,433,0
29,70762,77413,5,Employed,34913,0,530,0
76,89002,18352,4,Self-employed,20472,0,600,0
38,102121,58569,2,Unemployed,19231,0,610,0
43,149085,46332,2,Employed,25575,1,504,1
77,82491,5281,0,Unemployed,24518,0,621,1
79,32754,12177,2,Self-employed,57076,1,427,0
74,63303,33427,3,Self-employed,79201,1,418,1
30,93509,36208,4,Unemployed,57194,1,409,1
78,82589,56231,4,Employed,25536,0,581,1
62,20039,99650,2,Self-employed,93342,0,596,1
67,124285,6101,0,Unemployed,2538,0,623,0
47,96279,24592,1,Self-employed,58424,1,509,1
40,142368,25966,3,Employed,1554,0,601,0
53,51944,66217,5,Employed,32300,1,419,1
64,56489,17411,1,Employed,84699,1,478,1
53,58379,76092,0,Unemployed,98975,1,492,1
47,138264,47230,5,Self-employed,71441,1,448,0
71,19365,31572,4,Employed,65667,1,407,1
29,59658,60505,5,Unemployed,31779,0,597,0
33,121046,1867,3,Unemployed,37785,0,556,1
31,67318,72614,4,Employed,55550,0,540,0
61,96173,65190,0,Self-employed,53903,1,460,1
55,39184,70884,0,Unemployed,90955,1,505,0
30,99361,60286,4,Self-employed,39120,1,431,0
75,81371,56790,2,Self-employed,14327,1,475,1
58,138639,82253,0,Self-employed,89828,0,616,0
27,72527,71735,4,Employed,85739,0,570,1
43,64640,18418,0,Employed,42827,0,573,1
27,93609,4685,4,Self-employed,60740,1,476,1
40,140571,91930,1,Employed,14013,0,586,1
77,59836,72786,1,Employed,27545,0,639,1
39,35654,84262,4,Employed,17322,0,578,1
22,35057,23290,5,Unemployed,48571,0,575,1
25,76024,12282,5,Employed,51381,0,590,1
61,68713,44930,5,Self-employed,20676,0,543,1
38,79772,20719,2,Unemployed,49454,1,463,1
27,135039,9256,4,Employed,57204,0,553,1
78,101780,52172,2,Unemployed,18629,0,591,0
58,76911,4673,4,Self-employed,19448,1,443,0
54,142671,50133,0,Unemployed,15806,1,491,1
39,39309,86474,1,Unemployed,9294,0,623,1
41,87387,80473,3,Employed,95790,0,563,1
47,46008,55346,1,Employed,88428,1,453,1
44,22430,57846,5,Self-employed,92111,1,452,1
43,50528,78668,0,Unemployed,47492,1,473,1
64,149896,74711,4,Employed,86086,0,556,1
73,88887,22392,4,Self-employed,98818,1,457,1
58,139402,60509,2,Self-employed,67614,0,593,0
31,90466,8792,1,Self-employed,34288,1,472,1
29,58755,24957,5,Employed,3018,0,559,0
47,73443,13114,5,Employed,74175,0,556,1
56,48411,59022,0,Unemployed,88732,1,441,1
48,52595,48080,2,Self-employed,15653,0,628,0
53,49380,74899,4,Unemployed,21120,0,591,1
37,60917,35878,1,Employed,77914,1,434,0
74,27676,33913,0,Self-employed,92811,1,483,1
76,143193,34679,1,Self-employed,49997,1,460,1
80,92011,89595,3,Employed,78787,0,591,0
42,108575,64999,0,Employed,2517,0,600,1
64,80582,39007,4,Self-employed,75737,1,452,0
50,105589,75446,2,Employed,4943,1,488,1
37,140719,53041,1,Unemployed,38209,0,586,0
61,51269,54488,5,Self-employed,8140,1,405,0
27,127406,26987,3,Self-employed,73158,0,546,1
31,109334,88689,0,Employed,71222,1,450,1
58,115861,84057,1,Unemployed,74872,1,456,0
80,94394,2220,2,Unemployed,81176,0,556,1
38,143290,30698,4,Self-employed,92567,1,396,1
36,28550,45323,1,Unemployed,90418,0,591,1
51,77315,88122,1,Self-employed,95308,1,472,0
34,112214,95788,1,Unemployed,99770,0,623,0
47,95469,37069,4,Self-employed,59919,0,544,0
60,109802,47969,4,Self-employed,99700,0,563,0
64,94966,44645,2,Self-employed,2677,1,474,0
68,67915,5061,4,Employed,97370,0,527,0
41,33494,74802,5,Employed,68041,0,530,0
72,96532,62928,1,Self-employed,89250,1,454,0
43,118891,71251,4,Unemployed,23994,1,421,0
80,128712,93802,0,Employed,37857,1,491,1
70,103043,39649,2,Unemployed,73610,1,489,0
57,100525,93044,0,Unemployed,51453,1,498,1
79,37980,49776,2,Self-employed,59017,0,567,1
48,109133,5353,2,Unemployed,49996,1,476,1
21,67834,11357,0,Employed,43309,1,467,0
61,19107,52283,1,Employed,23764,1,488,0
79,101316,67763,4,Employed,68364,0,539,0
74,122893,64021,0,Employed,40825,0,624,0
49,75172,45315,4,Self-employed,91624,0,561,1
57,148616,22892,0,Self-employed,27376,1,524,0
32,42091,96307,3,Unemployed,40965,1,425,0
67,135188,37163,0,Employed,9390,1,474,0
71,25485,61022,1,Self-employed,49244,1,503,0
30,98014,71629,4,Self-employed,6059,1,489,0
28,47811,78379,2,Self-employed,92374,1,475,1
70,36391,37754,2,Employed,83748,0,615,0
78,113244,42447,1,Self-employed,18789,1,513,1
39,46501,54815,2,Employed,44112,1,500,0
22,143634,90083,3,Self-employed,80478,1,414,1
36,18182,36561,3,Employed,3597,1,441,0
48,18034,56132,2,Employed,41719,1,446,0
67,145983,40179,1,Self-employed,48457,1,473,1
53,41896,12938,5,Unemployed,14291,1,403,1
60,114426,64872,4,Self-employed,77166,0,569,1
70,134699,1891,3,Employed,86478,1,466,0
61,61737,72894,5,Unemployed,69142,0,556,1
65,124483,95272,4,Self-employed,22937,0,611,0
67,58682,65383,5,Employed,69874,0,570,0
80,111737,67622,4,Employed,24233,1,477,1
30,135496,47440,1,Self-employed,35766,0,595,1
64,107199,19554,2,Employed,40628,0,612,0
35,88308,99788,1,Unemployed,31566,1,514,0
51,53246,4535,5,Unemployed,51550,1,440,1
67,43059,43831,5,Unemployed,37240,1,429,1
52,106110,82699,3,Unemployed,17606,1,431,1
53,146727,85395,1,Self-employed,64221,0,604,0
76,88574,51660,5,Unemployed,29338,0,610,0
37,35297,78607,0,Employed,37683,1,452,0
42,137194,86468,3,Unemployed,96752,0,596,0
64,116093,47082,5,Employed,29213,1,421,0
79,129190,74662,5,Unemployed,5627,0,571,0
55,127622,80221,4,Self-employed,80700,1,431,1
42,140901,63259,2,Employed,84119,1,488,0
63,132797,32396,4,Self-employed,15339,0,598,0
70,90269,28028,5,Self-employed,43967,0,558,0
40,24778,41390,1,Self-employed,64812,0,566,1
49,70978,80304,1,Employed,14473,1,486,0
72,108574,15406,0,Unemployed,86950,1,471,0
54,123733,50795,5,Employed,95473,1,436,1
29,45151,33195,3,Employed,96286,1,448,0
64,119858,59667,1,Employed,29763,1,513,0
43,47412,2587,4,Employed,60450,0,557,0
45,115936,1266,5,Unemployed,25375,1,420,0
68,114787,81051,5,Employed,42309,0,587,0
32,110609,50247,3,Employed,43288,1,421,1
22,105551,47646,1,Self-employed,64575,0,617,1
64,117222,44585,1,Employed,10028,0,621,1
26,95420,66176,1,Self-employed,67374,0,633,0
80,15108,91083,5,Self-employed,42626,1,470,0
28,51235,50075,4,Unemployed,78836,1,397,0
37,57790,11084,5,Employed,59503,1,461,1
62,98351,34366,4,Unemployed,93674,1,410,0
49,121104,78215,3,Unemployed,69067,1,429,0
36,93075,96351,5,Unemployed,92169,1,428,1
79,73691,68692,0,Unemployed,60202,1,471,0
38,40563,31887,0,Employed,3777,0,621,1
58,82807,7029,3,Unemployed,90953,0,590,1
78,130529,62359,1,Employed,59388,0,618,1
52,74208,34584,1,Unemployed,44262,1,455,0
55,70753,15095,0,Unemployed,17618,1,496,0
37,134691,91845,2,Self-employed,81343,1,457,0
63,101077,67224,2,Self-employed,6303,0,642,0
69,134498,92813,1,Unemployed,10578,0,658,0
57,113386,72783,4,Employed,4563,0,617,0
43,47610,92147,2,Self-employed,5866,1,494,0
40,86496,9771,3,Self-employed,83499,0,534,1
52,36798,57007,1,Employed,49210,1,475,0
38,79762,17505,4,Unemployed,10999,1,430,1
66,135972,93732,1,Employed,34930,1,483,0
29,36392,70714,3,Unemployed,5219,1,504,0
58,33349,41874,3,Unemployed,27434,0,576,0
30,89893,45060,2,Self-employed,77210,1,441,1
42,133867,37835,1,Unemployed,29617,0,628,1
57,78870,88974,3,Unemployed,23853,0,573,1
71,132970,45200,3,Self-employed,98325,1,477,1
60,48870,41741,3,Self-employed,77301,1,438,0
61,99004,94410,3,Self-employed,7267,1,463,1
60,56653,95889,3,Employed,61914,0,571,0
40,132513,82097,2,Self-employed,48043,0,593,0
80,82326,2076,4,Self-employed,51722,0,558,1
47,15085,95122,3,Employed,27862,1,426,1
57,116799,62249,3,Employed,51553,1,425,1
61,138351,1273,1,Employed,39455,0,589,1
59,107626,96535,0,Unemployed,81237,1,473,1
40,42046,59349,4,Unemployed,92299,1,431,1
77,61688,42632,0,Unemployed,51749,1,504,1
29,66650,94642,4,Employed,79291,1,401,1
35,124316,6851,0,Employed,99722,1,465,0
74,60863,80468,4,Employed,20204,0,564,1
70,94659,74950,0,Employed,18126,1,457,1
72,130137,58434,0,Unemployed,45432,1,473,0
72,24794,1325,2,Self-employed,21942,1,460,1
48,108494,95201,4,Unemployed,95562,0,599,0
24,105596,52971,1,Employed,59017,0,603,0
36,145248,83252,0,Employed,33792,0,643,1
23,108935,17206,1,Unemployed,27219,1,506,0
43,42382,79755,0,Unemployed,40412,0,606,0
26,36259,86397,3,Self-employed,28407,0,628,0
26,38556,81370,4,Self-employed,25313,0,618,0
39,45292,50334,1,Self-employed,1654,0,617,1
58,33406,76329,2,Employed,17206,0,610,0
50,123088,9919,3,Employed,18895,1,446,1
33,63264,65478,5,Employed,47794,1,461,0
49,36213,99602,1,Unemployed,28524,0,581,0
27,80423,30046,2,Self-employed,72677,1,416,0
70,70713,97704,4,Employed,59564,0,607,0
65,39400,15964,3,Unemployed,17392,0,555,1
26,84010,4046,5,Unemployed,33227,1,463,1
37,134444,83548,0,Self-employed,25947,0,639,0
26,34879,58072,5,Unemployed,34738,0,539,0
73,87286,75567,5,Unemployed,611,0,589,1
77,36113,80029,4,Self-employed,41806,1,406,0
47,26268,8692,1,Self-employed,90341,0,551,0
40,27476,8339,4,Self-employed,60164,0,529,0
60,143190,185,5,Self-employed,88696,1,393,1
58,92704,50124,2,Self-employed,37137,0,604,1
46,19861,94999,1,Employed,96189,1,489,1
57,113654,70263,3,Unemployed,39685,0,551,0
36,95063,89683,3,Unemployed,1864,0,602,0
42,86249,81148,1,Employed,21387,1,501,1
39,32711,85269,0,Self-employed,60413,1,487,1
43,124408,35059,2,Unemployed,61991,1,427,1
50,78622,77157,2,Self-employed,4583,0,588,1
35,49719,88268,3,Self-employed,34849,0,573,0
21,101381,27867,3,Unemployed,54251,0,609,1
26,71050,13811,0,Self-employed,32414,0,635,0
44,38660,87496,5,Employed,20411,0,562,1
54,25908,25923,0,Unemployed,61729,1,491,0
59,73417,24283,5,Employed,55347,0,585,1
28,70162,1807,1,Unemployed,5798,0,639,1
53,55043,7951,5,Unemployed,93820,0,574,1
70,55316,39362,5,Unemployed,59731,0,553,1
39,26797,21918,1,Self-employed,88747,1,429,0
50,109659,18480,5,Unemployed,42268,0,573,1
36,68217,7105,3,Unemployed,45069,1,432,0
66,56193,97485,3,Employed,54276,1,478,0
49,43586,93704,3,Unemployed,9133,1,497,0
41,51471,63924,2,Self-employed,58653,1,450,0
47,136455,30057,4,Employed,68845,0,559,1
37,34388,40998,3,Self-employed,54072,1,428,0
27,92637,8086,4,Employed,5053,0,583,0
59,60097,26102,0,Employed,67615,0,584,0
45,82345,65570,2,Employed,19440,1,469,1
27,63709,40304,5,Employed,14282,0,539,1
64,104393,92123,3,Employed,74348,1,438,1
78,48472,91324,5,Self-employed,21200,0,608,1
42,26955,55439,3,Employed,7508,0,569,0
70,126647,30971,1,Employed,40628,0,585,0
42,44018,69479,4,Employed,88854,1,398,1
62,73916,91394,5,Unemployed,95269,1,443,0
57,127267,94508,0,Unemployed,81532,0,592,0
62,112905,96279,0,Unemployed,2761,1,532,0
61,144278,15977,4,Self-employed,63993,0,582,1
40,22915,37044,5,Unemployed,43097,0,573,1
25,106958,85610,2,Self-employed,36694,1,492,0
75,22206,99891,2,Self-employed,6966,0,617,1
55,56099,39001,3,Employed,69045,0,588,1
79,135597,20047,4,Employed,87515,0,545,1
33,23435,87602,0,Employed,28448,0,599,1
80,85876,36494,2,Unemployed,73398,0,596,1
36,53825,9728,1,Self-employed,10856,0,581,0
68,73400,73457,0,Self-employed,74146,0,592,1
73,28227,37591,0,Employed,22143,1,453,0
60,110262,34694,1,Unemployed,25871,1,509,0
42,128276,26755,1,Employed,73175,1,490,1
22,52757,8341,3,Self-employed,77347,1,468,0
72,71572,63262,3,Employed,56231,0,604,0
66,33573,55852,3,Employed,95268,1,433,0
49,94035,13619,4,Employed,33574,1,474,1
44,121671,49876,4,Self-employed,90512,0,593,1
57,32216,14713,5,Employed,76802,0,569,0
74,95720,85558,2,Self-employed,15826,0,585,1
38,40670,91168,3,Employed,54779,0,545,1
39,67725,78274,1,Self-employed,52323,1,481,1
49,126447,30818,2,Employed,86667,1,474,1
48,21587,96436,5,Unemployed,98394,0,552,0
72,133583,22317,5,Self-employed,31785,1,402,0
63,81784,60064,4,Unemployed,27705,0,560,1
59,84987,14479,1,Employed,62797,1,447,1
31,43344,39312,2,Self-employed,42928,0,617,0
47,92747,55143,5,Self-employed,16585,1,480,0
66,30985,20176,3,Employed,92727,1,415,1
54,122598,91481,5,Employed,7550,1,480,0
23,88729,31029,4,Self-employed,26349,0,607,1
80,148408,8427,5,Employed,33987,1,429,1
78,55868,88626,3,Self-employed,64092,1,478,0
59,116660,10423,3,Self-employed,83277,0,611,0
53,99736,6656,3,Employed,23693,0,569,1
42,45287,56583,0,Self-employed,41590,1,473,1
33,46492,43812,2,Unemployed,83812,1,463,0
40,80208,15629,2,Unemployed,76611,0,607,1
74,125504,49176,3,Self-employed,8556,1,468,0
39,57037,50662,3,Employed,68183,0,535,1
79,22910,45188,4,Unemployed,98470,0,588,0
29,20971,88279,2,Unemployed,11990,0,567,0
32,67483,61592,5,Unemployed,44919,0,531,0
62,70159,93310,4,Employed,86886,0,601,1
79,123522,63495,4,Unemployed,19318,0,624,1
44,20798,48593,0,Employed,77673,0,615,0
48,81610,25471,5,Self-employed,81841,0,527,1
79,105768,98950,2,Employed,69145,1,480,0
72,39237,73431,3,Self-employed,25379,1,463,0
37,98344,68528,5,Employed,68142,0,529,1
25,121234,21366,2,Employed,13956,0,632,1
68,73192,42211,4,Self-employed,31510,1,481,0
33,64395,54050,1,Unemployed,6402,0,630,1
75,57615,98856,4,Employed,28201,0,583,1
55,107476,3954,0,Self-employed,32722,0,584,0
44,64416,52502,1,Employed,97344,1,477,0
62,36119,31854,5,Unemployed,3370,0,570,1
40,85831,60548,2,Employed,29447,0,598,0
54,122188,53304,2,Self-employed,26619,1,438,0
52,74655,34147,1,Self-employed,49041,0,565,1
38,41295,75093,5,Employed,62370,1,458,0
46,140398,20700,5,Employed,48366,1,396,0
30,21000,43533,0,Self-employed,56172,1,466,1
80,90227,29003,5,Unemployed,29761,1,460,1
21,21709,92572,1,Employed,11053,0,628,0
29,53134,71701,3,Employed,2160,1,500,0
69,71399,29521,4,Self-employed,87573,1,445,1
31,43147,837,1,Self-employed,75748,1,429,1
29,66195,75158,2,Unemployed,34757,1,475,1
58,77181,68331,5,Unemployed,91138,1,411,1
56,115556,75303,3,Self-employed,88234,0,607,0
74,20670,17400,2,Employed,17076,0,575,1
61,84580,21342,4,Self-employed,42747,1,458,1
67,135118,82256,0,Employed,62438,1,506,0
56,85889,43321,0,Unemployed,37053,0,656,1
35,27589,83195,2,Unemployed,56852,1,459,0
36,96983,28940,2,Employed,55634,1,453,1
75,67858,23285,3,Self-employed,68128,0,612,1
70,114253,46391,5,Unemployed,97615,0,555,1
65,122226,83357,3,Employed,89255,1,462,0
27,103874,17888,1,Unemployed,46024,0,636,0
54,122011,57929,1,Self-employed,64780,0,591,1
55,28771,96748,4,Employed,10364,0,620,0
52,63008,15319,4,Self-employed,90885,0,530,0
70,104056,41305,1,Employed,4840,1,518,0
50,111161,37924,1,Self-employed,7925,1,461,0
55,85245,63531,3,Self-employed,3200,0,605,0
75,145015,71574,2,Self-employed,60812,0,583,0
75,116209,55622,1,Employed,86438,0,632,1
80,44031,4205,1,Self-employed,6495,1,467,1
54,122532,25266,2,Employed,93911,0,596,0
56,145359,12004,4,Employed,81427,1,414,1
34,43302,2712,4,Employed,15853,0,551,1
79,123892,81032,2,Employed,41701,1,439,1
33,75431,46639,1,Unemployed,34143,1,443,1
68,60584,16023,2,Employed,15991,0,612,0
40,136346,64209,3,Self-employed,4928,1,496,1
66,59969,60837,1,Unemployed,55432,0,597,1
79,93727,81670,5,Unemployed,58296,0,553,0
65,46449,13091,4,Self-employed,49191,1,405,0
23,63875,68911,4,Employed,49733,1,437,1
52,73849,4648,3,Employed,71617,1,453,1
56,35637,66883,5,Employed,20686,1,462,1
71,67232,64937,2,Employed,81366,0,621,1
47,27869,52593,1,Self-employed,25298,0,588,1
31,91250,75775,3,Self-employed,5856,0,616,1
48,89707,12817,2,Employed,86867,1,436,0
63,84539,59350,2,Self-employed,48784,0,605,1
64,143281,24759,5,Unemployed,98488,1,396,1
56,52599,19311,3,Employed,70400,1,420,0
63,46643,31339,1,Unemployed,50444,1,437,0
24,78616,36346,2,Unemployed,18093,1,497,0
50,85710,84109,3,Employed,75506,0,614,0
21,68560,79426,2,Employed,20685,0,567,1
65,99208,28097,1,Employed,78190,1,480,1
26,135819,40321,0,Employed,77206,1,493,1
31,63132,28312,5,Self-employed,998,0,595,1
32,25286,67675,0,Self-employed,59947,1,500,1
51,73846,36721,3,Employed,8279,1,430,1
63,144783,36347,0,Employed,29353,0,657,0
38,48150,77156,0,Unemployed,78587,0,640,1
39,90313,89819,1,Employed,83314,0,610,0
22,145320,77516,3,Unemployed,38107,1,495,0
43,60550,90862,3,Self-employed,17356,0,573,1
55,18435,685,5,Unemployed,84607,1,387,0
35,32463,35082,5,Self-employed,53390,1,425,1
67,44006,95536,4,Employed,23628,0,617,0
70,145744,4926,5,Employed,45774,1,469,1
65,17165,75451,0,Employed,65996,0,611,0
56,72280,49470,2,Employed,60282,0,614,1
67,66833,54134,5,Self-employed,99469,1,414,1
68,32890,65510,3,Self-employed,35551,0,559,1
43,86204,90886,2,Self-employed,7589,1,454,1
50,57824,3500,2,Self-employed,82060,1,477,1
40,99235,59646,0,Unemployed,80996,0,583,0
62,22856,3795,2,Employed,70029,0,613,0
21,61132,96295,4,Self-employed,74549,1,440,0
51,52913,98333,4,Unemployed,76600,1,415,1
57,97580,16951,2,Unemployed,18343,1,492,0
55,93119,31775,4,Self-employed,76320,0,584,1
32,114289,84025,5,Self-employed,74741,0,570,1
76,82585,35231,5,Unemployed,3490,1,471,0
42,35106,83367,4,Employed,45224,0,577,0
42,116662,59799,1,Unemployed,11681,0,600,1
48,72324,56836,2,Self-employed,36155,1,444,0
40,109447,40297,4,Self-employed,67326,1,403,1
30,59129,36065,4,Self-employed,51995,0,557,1
38,112362,51109,0,Self-employed,38158,0,627,1
61,136013,51322,0,Self-employed,95858,1,457,1
36,98215,12595,3,Unemployed,67397,1,413,1
68,38581,40904,5,Unemployed,11961,1,411,0
31,128159,88061,0,Self-employed,24572,1,475,0
70,43728,3057,0,Employed,94539,0,623,1
25,124874,35829,0,Unemployed,49336,1,449,1
59,61726,96518,0,Unemployed,42732,1,452,0
34,37320,3442,3,Self-employed,37415,0,588,0
51,50506,79601,3,Employed,36264,0,625,1
39,98184,93559,4,Employed,97213,0,597,0
27,122363,3600,2,Employed,62075,1,433,1
44,107900,52719,5,Self-employed,92910,1,385,0
42,89812,6550,3,Self-employed,81540,0,558,1
47,139736,32843,4,Unemployed,30088,0,553,0
37,103570,42480,0,Unemployed,75027,1,467,1
38,144095,14677,5,Self-employed,96823,0,573,0
58,103871,2845,2,Employed,7903,1,489,0
27,134434,19731,3,Self-employed,25188,1,436,1
78,99620,40694,3,Self-employed,5974,1,464,0
50,55862,28767,3,Employed,95039,1,426,1
68,87093,7025,4,Unemployed,73685,1,409,0
77,48792,20417,5,Unemployed,63952,0,517,1
77,116471,74375,4,Unemployed,24994,0,605,0
55,117692,47294,5,Employed,14581,1,408,1
43,92033,91969,1,Employed,49121,0,597,0
64,74389,55362,1,Unemployed,59001,0,565,1
21,49306,89340,2,Self-employed,40918,0,556,0
43,136875,34032,0,Unemployed,26089,0,593,1
47,24184,56868,4,Unemployed,3078,0,573,1
21,90353,15445,2,Self-employed,83804,1,441,1
25,85416,22680,0,Self-employed,54915,1,507,0
72,59839,2295,1,Self-employed,82041,1,474,1
72,53783,41426,4,Employed,98921,0,540,0
44,54902,32987,2,Employed,97624,1,409,1
68,42997,65799,4,Self-employed,9384,0,610,0
49,81288,44329,3,Unemployed,54606,1,455,1
37,136512,82394,0,Unemployed,75746,0,645,0
68,46005,55197,3,Unemployed,17364,1,461,0
30,62284,30379,5,Unemployed,38292,0,544,1
71,23922,34472,2,Employed,42783,0,594,0
67,82117,54572,0,Employed,46568,0,588,0
71,89079,35821,2,Unemployed,90724,0,580,1
63,23500,62777,1,Employed,93883,1,418,0
72,116355,12903,5,Employed,40832,1,449,0
74,88923,83162,4,Employed,94922,1,444,0
75,64819,3567,5,Self-employed,5605,1,408,1
37,89112,4929,1,Self-employed,81611,1,450,0
75,46421,24795,1,Employed,23711,0,587,1
69,49948,27008,1,Employed,81054,0,600,0
72,67427,40608,4,Self-employed,34182,1,420,0
28,132830,66846,4,Employed,62092,1,455,0
72,143189,27974,0,Unemployed,80827,0,610,1
61,114019,30042,3,Self-employed,52661,1,489,0
21,69064,89890,1,Employed,61503,1,449,0
72,144049,29353,0,Employed,91213,0,633,1
45,92135,25492,3,Employed,43255,1,427,0
74,92453,47502,2,Self-employed,6076,1,510,1
76,84634,60411,0,Self-employed,94565,1,444,1
74,38974,39332,4,Employed,64420,0,524,0
76,78911,38715,0,Employed,577,1,479,1
73,121438,11857,1,Employed,57362,1,504,0
70,41093,66797,1,Self-employed,3415,0,583,1
32,135159,2683,0,Unemployed,87828,0,589,1
68,79011,2593,1,Unemployed,62081,0,592,0
37,112727,12476,0,Employed,59891,1,478,1
59,122384,49315,1,Unemployed,53561,0,644,1
67,128242,11718,1,Unemployed,98528,1,468,1
76,48523,21612,1,Self-employed,76897,0,612,1
80,79971,64016,4,Employed,72805,1,411,1
44,54415,57893,2,Self-employed,83811,0,584,0
45,128750,70735,5,Self-employed,81926,1,458,1
73,99305,77257,3,Employed,27423,0,598,0
46,139434,99491,2,Employed,978,0,649,1
23,135498,50484,3,Unemployed,50432,0,609,0
28,85102,25316,1,Self-employed,56499,1,484,0
58,51198,31967,3,Employed,34778,1,452,1
30,52574,89284,4,Unemployed,56923,0,589,1
31,46200,89253,1,Employed,97372,1,436,1
40,128761,83055,1,Self-employed,11946,1,513,0
75,22345,64869,3,Unemployed,2732,1,441,1
33,125915,55664,0,Self-employed,74765,0,569,0
52,36885,8157,0,Unemployed,66375,0,617,0
25,122014,84269,5,Employed,13605,1,488,0
21,43823,81524,5,Self-employed,70030,1,450,1
52,33494,34928,2,Employed,62139,0,599,1
59,108078,72886,2,Unemployed,80261,1,420,0
47,123309,54313,2,Employed,50835,1,489,0
31,18405,62830,0,Employed,73713,1,468,1
35,108265,88874,4,Employed,93094,1,436,0
70,15263,28293,0,Employed,28523,0,578,1
61,61985,57826,2,Self-employed,35396,0,578,0
35,77014,49230,5,Employed,88324,1,454,1
26,60541,28509,2,Employed,11640,1,459,0
70,146640,25456,0,Employed,14870,1,483,1
37,142033,56168,1,Self-employed,4643,0,613,0
48,51171,71080,1,Unemployed,73982,1,464,1
26,98306,95919,4,Unemployed,55463,0,606,1
53,31234,80850,0,Self-employed,747,1,476,0
30,97756,22804,3,Self-employed,80966,1,422,0
29,57956,18062,1,Unemployed,10298,0,580,1
71,63895,82279,2,Self-employed,84885,0,545,0
35,124756,7310,2,Self-employed,77325,0,608,1
75,142424,97491,2,Unemployed,319,1,517,0
33,110852,79168,0,Self-employed,55771,0,628,1
48,123585,22153,0,Self-employed,9549,1,531,1
62,73196,50072,4,Employed,15800,0,574,1
50,48296,92599,5,Self-employed,61576,1,428,1
68,17023,21530,3,Unemployed,67270,1,468,1
30,51647,47209,5,Employed,25459,1,436,1
61,129799,34248,2,Employed,36717,0,585,0
71,16134,64102,0,Unemployed,23538,1,461,0
73,71160,50639,4,Unemployed,48035,0,592,0
33,142432,2465,1,Self-employed,1999,1,520,1
54,57266,43238,0,Self-employed,57324,0,601,1
38,41717,13204,2,Self-employed,58121,1,443,1
23,50248,76784,4,Employed,21905,1,487,1
67,24925,10945,3,Self-employed,5665,0,606,0
55,49332,11855,4,Unemployed,82467,0,570,0
43,16611,30003,5,Unemployed,71381,0,524,1
51,23251,50244,1,Self-employed,1808,1,483,0
76,127146,84519,1,Employed,75852,0,622,0
62,120311,80088,4,Unemployed,61657,0,549,1
32,92780,1935,0,Self-employed,9342,1,485,0
45,141467,22755,4,Self-employed,17292,1,462,1
36,80316,42365,3,Self-employed,98840,1,426,0
40,100550,35934,5,Self-employed,78665,1,407,1
48,72521,87229,4,Employed,91239,1,457,1
46,27244,87635,5,Unemployed,37531,1,404,1
57,25523,2746,4,Self-employed,94227,1,445,1
66,100719,39118,0,Self-employed,84039,1,489,0
29,24390,61246,5,Self-employed,27030,1,412,1
57,96685,62384,5,Self-employed,74871,1,410,1
53,80733,36935,2,Unemployed,23829,0,561,1
53,95646,83910,1,Self-employed,73179,0,631,0
48,56447,91569,4,Unemployed,71213,1,434,1
25,141672,36922,3,Unemployed,1270,0,593,0
33,142279,96767,4,Employed,39144,0,570,1
44,19535,71157,4,Employed,82179,1,442,0
26,38732,75490,1,Employed,82118,1,485,0
46,82757,96425,1,Employed,96754,0,621,1
71,142953,76327,5,Unemployed,26901,0,598,0
51,72232,60569,4,Self-employed,14328,1,424,1
47,106832,11517,4,Employed,95624,1,406,1
62,148176,3824,1,Unemployed,41911,1,485,1
43,84853,94209,0,Employed,3690,1,481,0
53,34739,31872,0,Unemployed,11994,0,634,0
72,87197,51041,0,Employed,16236,0,628,1
80,50890,56104,5,Unemployed,42056,0,527,1
48,127760,5548,0,Self-employed,43641,0,651,0
59,122807,95302,1,Unemployed,81395,0,607,1
45,74571,93630,0,Self-employed,8047,0,616,1
71,91073,89924,3,Self-employed,87002,1,443,1
47,52310,5902,1,Employed,45603,1,472,0
49,105271,32469,4,Employed,71185,0,605,0
52,80494,29358,0,Unemployed,26207,0,613,0
70,142347,91647,1,Self-employed,82799,1,433,1
53,122430,89949,5,Self-employed,78932,1,415,1
60,45768,87035,0,Self-employed,87479,1,491,1
64,27396,8280,1,Employed,68470,0,580,0
66,96927,50498,1,Self-employed,80538,1,463,1
26,29751,19945,4,Unemployed,30784,1,430,1
28,33405,37539,4,Self-employed,9085,0,608,1
52,127205,51653,1,Self-employed,49200,0,573,1
27,132170,38713,3,Unemployed,66714,1,414,0
30,52564,55296,1,Unemployed,14235,0,609,0
40,20957,991,3,Self-employed,7098,0,618,1
37,52689,53573,2,Self-employed,94429,0,569,0
41,127490,13765,4,Employed,83747,0,582,0
30,37060,22120,3,Employed,86146,1,416,1
69,17414,44340,2,Self-employed,7782,0,570,1
71,83652,5976,0,Unemployed,78538,0,631,0
48,26159,57029,2,Unemployed,94402,1,411,1
37,100794,26276,0,Employed,78981,1,484,0
64,109254,52861,2,Unemployed,16797,0,633,1
31,135091,75881,1,Employed,81549,1,466,0
52,68754,70096,4,Employed,63432,0,594,1
33,133285,86942,1,Employed,61288,0,644,0
67,26905,41336,4,Employed,88756,1,443,0
30,112453,68235,5,Self-employed,54866,0,577,0
41,132831,62873,1,Self-employed,38509,0,596,1
60,119341,31639,4,Self-employed,10215,0,575,0
73,149606,48426,0,Employed,91376,0,567,0
43,93343,36598,4,Self-employed,88943,1,402,1
26,60364,74088,5,Self-employed,88284,0,515,1
30,126132,86431,5,Employed,18917,1,447,0
42,136182,47188,4,Unemployed,86439,0,575,0
49,40333,24265,0,Unemployed,35164,0,649,1
74,17351,24219,3,Employed,69420,0,552,1
62,18355,70123,5,Employed,36598,0,577,1
71,112263,16801,0,Unemployed,9065,1,469,1
75,32807,22216,3,Self-employed,2171,0,587,1
68,124987,23195,3,Unemployed,48588,0,581,0
67,37634,42438,3,Employed,84090,1,474,1
63,78849,51336,4,Unemployed,81452,0,590,0
39,25301,98031,2,Employed,33145,1,497,0
78,144172,11386,5,Employed,39048,0,582,0
73,106774,74147,1,Unemployed,51499,0,580,1
53,101887,49890,5,Unemployed,73925,1,442,0
30,85650,2446,5,Self-employed,49301,1,429,0
61,111319,96108,4,Self-employed,59309,1,407,1
23,16158,77305,0,Employed,39331,1,463,0
22,26211,70968,3,Unemployed,79694,0,558,0
79,59401,49826,2,Unemployed,36691,0,575,1
59,135083,87282,0,Employed,13162,0,652,0
38,132666,64012,1,Unemployed,36476,0,578,0
46,22416,15441,4,Unemployed,50760,0,581,0
56,68760,70734,5,Self-employed,60865,1,392,1
46,93876,99427,3,Unemployed,96698,0,603,1
55,45478,37119,4,Unemployed,17902,1,444,1
23,32963,68298,3,Employed,39851,0,610,0
63,101203,69852,4,Unemployed,90124,1,451,0
29,19865,19593,4,Employed,56732,1,398,1
23,100914,11223,5,Self-employed,32360,1,444,0
74,128243,81587,1,Unemployed,74024,1,438,0
39,89413,26271,1,Unemployed,251,0,613,1
79,47482,30957,2,Unemployed,10447,1,446,1
78,73272,43669,4,Employed,28095,0,555,0
43,147011,23391,4,Unemployed,31829,0,605,0
59,32979,23048,1,Self-employed,47803,0,575,0
26,49273,49815,0,Employed,66680,0,572,1
53,94793,41669,0,Employed,13479,1,495,1
42,63081,42755,4,Unemployed,48023,0,610,1
36,41861,32925,1,Unemployed,71834,0,629,1
31,120726,4046,0,Employed,76191,0,605,0
79,59365,23635,2,Unemployed,65972,1,448,1
24,82197,52096,2,Self-employed,26051,1,488,1
31,85434,75223,4,Self-employed,97765,1,407,1
62,85852,48060,4,Employed,63314,0,603,1
69,40043,79944,2,Unemployed,41030,1,499,1
44,99897,46724,1,Self-employed,40333,0,588,0
43,24836,24923,5,Self-employed,32197,0,533,0
65,50031,11172,1,Unemployed,93172,0,604,1
52,76592,82645,2,Unemployed,17651,0,618,0
63,63516,18334,4,Self-employed,63531,1,432,1
58,123985,13316,2,Employed,48916,1,482,1
28,29802,54491,3,Self-employed,12029,1,499,0
53,134973,32136,1,Unemployed,63176,1,489,0
36,83672,40568,0,Unemployed,12745,0,617,1
38,62188,81700,4,Self-employed,67273,1,454,1
62,124538,24476,1,Unemployed,51680,0,574,1
32,134457,36963,3,Unemployed,28669,0,624,0
54,65034,30204,3,Self-employed,52424,1,427,1
48,89404,70876,4,Self-employed,7016,0,605,1
27,30895,40361,4,Self-employed,75847,0,546,1
69,97192,86877,2,Employed,9659,0,643,0
71,132127,33293,4,Self-employed,79858,1,465,1
38,148487,63253,3,Unemployed,20523,0,623,1
52,99118,42869,3,Employed,29991,1,447,0
27,122241,8203,5,Unemployed,42531,1,475,1
26,55761,62965,4,Employed,71538,0,526,1
33,110008,6710,3,Unemployed,92436,1,461,0
26,130362,57750,4,Employed,48182,1,470,1
51,51961,68574,3,Unemployed,11266,1,450,0
74,35917,88162,1,Self-employed,24124,1,481,0
45,148722,46868,1,Employed,27200,0,611,1
30,58502,35620,0,Self-employed,76766,0,563,1
63,120671,55036,3,Unemployed,66236,0,565,1
66,113035,89866,1,Unemployed,13187,0,607,1
54,68025,3356,1,Self-employed,52080,1,447,0
73,148073,54474,2,Unemployed,99157,0,585,1
54,145916,53357,3,Self-employed,84447,0,565,0
80,65387,48808,3,Self-employed,8781,0,594,1
58,42662,29677,2,Employed,59569,0,585,1
66,50651,15274,4,Self-employed,58425,1,461,1
79,113137,7196,5,Unemployed,28848,1,432,0
46,145704,86590,2,Employed,95951,1,468,1
62,46569,36103,3,Self-employed,47146,1,412,1
26,108020,72825,1,Employed,14489,1,480,1
72,25239,77845,4,Employed,44796,1,458,1
64,124921,64735,0,Unemployed,74794,1,495,0
33,37480,67628,3,Unemployed,81257,1,409,1
73,125456,80577,2,Employed,90695,1,445,0
50,64484,42458,2,Unemployed,73949,0,583,0
21,124086,83219,0,Employed,23367,0,633,0
24,83310,21283,3,Employed,8252,1,496,0
26,53255,69492,2,Employed,30676,0,613,0
78,93246,89179,4,Self-employed,7046,1,471,0
28,46670,1421,5,Unemployed,25218,0,582,1
77,143528,80957,5,Self-employed,26762,0,554,0
59,48782,84391,1,Self-employed,83144,1,470,0
54,92488,23762,2,Unemployed,20677,1,451,0
23,33620,50613,2,Self-employed,71086,1,473,1
21,106584,76578,2,Employed,12741,1,462,1
50,24940,16553,0,Employed,87308,1,464,0
34,107083,22995,0,Unemployed,69212,0,621,1
80,136040,17709,5,Employed,84747,0,587,0
78,75845,17408,1,Employed,77178,1,501,0
35,138946,23665,3,Self-employed,30082,1,440,1
33,145990,26277,5,Self-employed,3238,0,550,0
54,26113,77422,4,Employed,38461,0,536,1
69,44645,64406,4,Employed,4716,0,595,1
70,95628,12728,3,Employed,12997,0,555,0
74,29501,2238,1,Employed,87614,0,611,0
73,40648,66349,2,Employed,71173,1,468,1
71,69003,95285,3,Unemployed,91936,1,421,0
29,131845,88879,5,Unemployed,19645,1,458,0
51,48845,82907,4,Unemployed,97416,1,387,0
22,42658,40275,0,Employed,92149,0,567,1
62,142514,86928,5,Employed,48457,1,441,1
61,88183,85985,2,Unemployed,92473,0,607,0
43,119746,44693,4,Employed,55881,1,463,1
27,105367,359,2,Self-employed,9737,1,496,1
57,96910,13772,1,Unemployed,16486,1,478,1
34,97282,73738,5,Unemployed,40514,0,540,1
66,40540,82149,0,Self-employed,76304,1,480,1
23,90187,53112,0,Employed,47002,1,509,0
23,18317,20553,2,Self-employed,7080,1,435,0
24,117661,38284,1,Employed,68351,0,582,0
51,22871,99970,0,Employed,74070,1,446,1
31,91365,4804,0,Unemployed,3362,1,528,1
44,87501,86105,3,Employed,90354,1,462,0
73,48895,54571,0,Self-employed,15379,1,452,1
40,94505,54463,2,Self-employed,59436,1,495,0
37,58199,27114,1,Unemployed,98261,0,565,0
35,93789,96550,5,Employed,24519,0,580,0
55,49717,11586,3,Self-employed,15172,0,605,1
49,147251,62766,3,Unemployed,12386,1,448,1
38,110891,29020,3,Unemployed,39144,0,564,0
26,35790,85978,2,Unemployed,45555,0,611,0
39,130390,50832,4,Self-employed,29304,1,415,0
23,131861,56425,5,Self-employed,64238,0,533,0
53,120305,7744,4,Self-employed,19429,1,421,1
72,89156,68134,3,Self-employed,74302,0,596,1
78,53498,50821,4,Unemployed,69642,0,542,0
32,50248,34175,3,Unemployed,32093,1,495,0
26,29008,84076,0,Employed,94945,0,577,1
54,93459,30191,4,Self-employed,73752,1,414,1
29,32792,40525,3,Employed,55987,0,554,0
71,105553,73099,1,Unemployed,4639,1,462,0
29,146027,50931,0,Unemployed,2239,1,483,0
70,64694,84940,1,Employed,83352,1,439,1
37,47077,75965,3,Employed,20702,0,560,1
78,46305,70417,1,Unemployed,43953,0,621,1
50,63473,31690,5,Self-employed,92446,1,379,0
71,142879,77517,1,Self-employed,68314,0,595,0
49,120321,29492,3,Employed,18995,0,564,1
74,126601,22696,4,Employed,18526,1,474,1
71,115313,7293,0,Employed,79656,0,582,0
57,46270,75336,1,Employed,82115,1,454,1
43,73821,10436,4,Employed,14583,0,580,1
42,26983,71399,1,Employed,18076,0,578,0
56,89464,88798,5,Employed,32094,0,532,1
27,128577,79297,1,Employed,37437,1,498,0
35,108676,21551,4,Unemployed,16053,0,596,0
62,145810,36539,0,Self-employed,87223,0,631,0
72,24322,77904,3,Self-employed,95601,0,565,0
32,37016,40476,5,Unemployed,55218,0,552,0
37,116283,79525,4,Self-employed,80034,1,400,0
65,86447,10673,2,Employed,2395,0,613,0
33,102321,17521,2,Unemployed,27622,1,456,1
45,71844,49979,4,Employed,19341,1,475,0
79,115411,53360,5,Unemployed,90048,0,525,0
80,116764,25433,3,Employed,29156,1,485,1
57,82162,70435,0,Employed,5093,1,467,1
69,32358,2174,5,Unemployed,38435,0,591,1
71,26850,37670,3,Unemployed,27212,0,554,0
49,88468,45479,3,Employed,7052,1,473,1
70,113979,32474,0,Unemployed,24135,1,522,0
74,106971,1455,3,Employed,11010,0,572,0
74,28888,87213,0,Employed,62251,0,604,0
47,28976,37382,1,Unemployed,51017,0,591,0
33,66610,7844,5,Unemployed,4088,1,476,1
73,75022,87440,5,Employed,82945,0,557,1
61,52951,85499,2,Employed,63823,0,585,0
52,149862,93355,0,Employed,85094,0,622,0
45,111782,39522,5,Employed,50379,0,588,0
45,90748,60185,1,Unemployed,28323,1,477,1
27,63771,44676,5,Unemployed,18516,0,548,0
42,83973,2860,1,Employed,13429,1,456,0
61,55403,99389,3,Unemployed,46630,0,553,1
36,83081,37024,0,Self-employed,43242,1,501,1
76,94757,94286,2,Self-employed,23512,1,457,0
41,29361,47080,2,Unemployed,25547,1,464,1
54,125189,66082,3,Unemployed,5795,1,501,1
80,97617,83607,4,Unemployed,1863,1,424,0
54,133333,56751,3,Self-employed,22160,0,563,1
33,52990,14987,1,Unemployed,21808,0,590,0
39,25717,83457,2,Employed,71582,1,459,1
28,58560,7113,5,Unemployed,90659,1,452,0
62,143223,18506,5,Self-employed,63498,1,426,0
43,65565,68760,3,Self-employed,15758,1,438,0
61,134293,24110,0,Self-employed,76557,1,480,1
47,114029,32808,5,Self-employed,91930,1,388,0
30,136830,33676,2,Self-employed,52891,0,609,1
59,98240,48476,0,Employed,45200,0,611,0
68,104230,51322,5,Self-employed,69524,0,555,0
76,19010,11374,2,Employed,42739,1,430,1
60,39361,59216,5,Unemployed,61117,0,576,0
60,88376,93702,3,Unemployed,4482,1,509,0
24,77599,25340,1,Unemployed,79248,1,473,1
32,73823,94175,2,Employed,45705,1,467,0
50,103661,5366,1,Self-employed,49147,1,456,0
64,84835,21352,1,Unemployed,61561,1,466,0
50,136593,26805,0,Unemployed,36085,0,601,0
48,132345,98322,2,Employed,34325,0,577,1
67,133539,90424,2,Unemployed,81038,1,467,1
31,110710,52917,2,Employed,77222,1,443,0
45,60842,95283,0,Employed,84192,0,606,1
63,117963,83340,3,Self-employed,40899,1,500,0
64,104807,46583,3,Self-employed,41188,1,443,1
57,127478,8574,0,Unemployed,71213,0,641,0
69,83357,89728,3,Self-employed,55083,0,608,0
46,83687,49910,4,Self-employed,1656,0,567,0
73,47326,48936,0,Employed,82254,1,461,0
47,132747,80895,1,Self-employed,53622,0,573,0
64,20366,23909,2,Unemployed,4055,0,597,0
41,55026,89667,3,Self-employed,84505,0,552,1
71,93768,93581,3,Self-employed,38537,0,576,0
53,47700,56930,0,Employed,27562,1,485,1
76,144673,7260,3,Self-employed,86619,0,557,0
25,15266,5092,2,Self-employed,32183,1,500,1
39,32154,2728,2,Unemployed,47088,0,570,1
47,87195,55631,0,Employed,61779,1,471,1
74,99341,46961,1,Employed,17170,1,472,0
74,50750,62061,3,Employed,90959,1,476,0
63,139511,18383,4,Employed,56616,1,422,1
54,140177,80631,3,Self-employed,77320,1,444,0
65,31458,44956,0,Employed,86923,1,459,1
21,134330,2188,0,Unemployed,9995,0,642,0
68,85316,35778,2,Self-employed,51190,0,587,1
37,34188,40501,2,Unemployed,21945,0,584,1
61,54239,1255,2,Self-employed,7460,1,496,0
70,77999,78594,2,Unemployed,78120,0,601,1
54,118623,46132,0,Self-employed,2759,0,600,0
33,132420,23361,3,Unemployed,24418,0,561,1
79,115852,26083,2,Employed,97169,0,608,1
63,128027,25445,1,Self-employed,27768,1,475,0
24,46940,68183,5,Employed,87254,0,564,0
37,106112,71105,5,Employed,49213,1,406,0
23,142311,41150,0,Employed,86708,0,588,1
29,122771,13613,1,Self-employed,10004,0,648,0
46,42956,61283,5,Employed,6805,1,420,1
53,70337,16835,3,Unemployed,44288,1,435,1
74,127749,51347,5,Employed,7604,0,542,0
39,100083,54185,2,Self-employed,52089,1,459,0
62,21387,17074,3,Unemployed,38431,1,467,1
60,53446,20821,5,Employed,15625,0,567,1
61,16269,52273,0,Unemployed,74947,1,480,0
23,118056,7532,3,Unemployed,16779,1,480,0
72,51116,62615,4,Self-employed,43956,0,570,0
49,42659,25629,5,Self-employed,76579,1,407,0
55,147752,67314,4,Employed,84237,0,574,0
71,89765,70977,4,Unemployed,12455,0,570,1
78,24229,17765,1,Self-employed,27358,1,461,1
45,67764,52660,0,Employed,12383,0,621,1
68,42158,50167,4,Employed,58003,0,558,1
56,88636,40386,2,Employed,23665,1,501,0
21,99267,83423,3,Self-employed,66260,0,566,0
68,56682,54128,5,Employed,96242,0,508,0
47,109919,34867,2,Employed,24551,1,463,1
22,97082,16583,5,Self-employed,49251,0,559,1
67,55207,10686,3,Self-employed,8401,1,435,0
28,94609,65123,3,Self-employed,79984,0,577,0
45,52165,25919,2,Unemployed,71279,0,613,1
74,72183,24589,2,Employed,20904,0,588,1
67,105484,38792,5,Unemployed,20993,1,458,0
37,103421,18801,5,Self-employed,27021,1,426,0
60,40078,8126,4,Unemployed,2027,0,581,1
47,66068,33141,5,Self-employed,36713,1,448,0
73,91283,48892,3,Employed,11673,0,593,0
48,44937,57951,1,Employed,30774,1,441,0
32,55776,67917,5,Unemployed,92132,1,391,1
55,21209,64467,5,Unemployed,15342,0,547,1
77,119039,23935,4,Unemployed,19495,1,420,1
56,84298,47693,0,Employed,70564,0,622,1
34,137068,68610,1,Employed,56382,1,463,1
49,120868,57320,4,Self-employed,930,0,628,1
39,122567,993,5,Unemployed,67877,1,398,1
40,19021,48732,2,Unemployed,90285,1,409,0
70,58560,39036,4,Self-employed,87611,0,541,0
76,138346,43364,1,Unemployed,8080,0,633,0
40,125000,99423,3,Employed,9194,0,593,0
31,82421,20039,4,Employed,36232,0,587,0
42,137881,90405,4,Unemployed,89706,0,572,0
28,105569,51741,1,Self-employed,14022,1,504,0
33,119097,24840,1,Employed,50081,1,512,1
47,37054,33240,1,Self-employed,96175,0,617,1
67,131904,12840,3,Employed,43840,0,555,0
33,45394,36343,2,Employed,44776,0,553,0
44,107481,23775,2,Unemployed,88543,0,570,1
46,128333,25088,4,Unemployed,73921,1,438,0
73,64115,33508,0,Self-employed,2815,0,627,0
27,78936,19506,1,Self-employed,61701,1,502,1
56,48434,63932,3,Unemployed,95207,0,574,0
25,68542,32301,4,Self-employed,26500,1,458,1
48,63290,28962,4,Employed,29573,1,484,0
29,88498,7432,5,Unemployed,80717,0,566,1
24,29823,65905,5,Self-employed,36526,1,418,1
78,80187,89213,4,Unemployed,65719,1,416,1
27,53008,7894,4,Unemployed,5256,0,558,0
68,146584,32696,4,Unemployed,60382,0,580,1
42,64648,51999,4,Unemployed,34941,0,597,0
68,100691,39070,5,Self-employed,36805,1,444,0
22,17212,25140,5,Self-employed,15687,1,419,0
34,138020,40652,1,Employed,69915,1,432,0
61,124759,3111,3,Employed,14488,1,444,1
55,98051,80927,0,Self-employed,53956,1,491,1
50,105213,22825,1,Self-employed,32318,0,636,0
77,107943,78781,5,Employed,81563,1,462,0
31,91986,64826,4,Unemployed,6705,0,551,1
49,96297,10688,1,Unemployed,40377,0,588,0
27,87105,64125,3,Employed,8782,0,611,1
32,53033,86605,0,Self-employed,11852,1,480,0
43,50817,98255,1,Unemployed,84433,1,469,0
75,34118,8412,1,Employed,30775,1,493,1
49,59422,96988,3,Unemployed,22225,1,500,0
31,66736,2075,0,Employed,94165,1,439,1
51,66159,65821,3,Self-employed,61008,0,606,0
33,140342,47168,4,Self-employed,21422,1,418,0
55,90477,71745,2,Self-employed,65427,1,449,0
37,118865,56715,0,Unemployed,3521,0,644,1
46,77747,70454,2,Employed,64057,1,480,0
58,145417,33869,2,Unemployed,40505,1,489,0
37,50823,99047,1,Self-employed,120,0,654,0
70,46039,40311,5,Unemployed,13331,1,403,0
42,104903,27984,2,Self-employed,4995,0,629,1
64,118218,74441,3,Employed,92304,0,562,1
65,101801,59416,1,Unemployed,80538,1,495,0
64,117854,17645,2,Employed,38022,1,469,1
36,141032,85401,0,Employed,91415,1,476,0
70,141995,8502,5,Employed,18743,1,443,0
56,149046,99084,3,Self-employed,66352,0,585,0
23,122032,61101,1,Employed,4172,1,513,1
42,42689,40211,2,Employed,57369,0,622,1
43,140325,15700,1,Self-employed,11386,0,623,1
36,128855,44694,0,Self-employed,34650,1,498,1
39,23856,41567,1,Unemployed,96317,0,583,1
70,110613,97563,1,Unemployed,79035,0,603,1
64,105357,3640,0,Self-employed,55445,0,635,1
53,30450,43440,2,Self-employed,72352,0,585,1
31,70007,96000,3,Unemployed,57352,0,557,1
47,98748,81532,3,Self-employed,60776,1,455,0
72,83519,73570,3,Unemployed,16696,1,430,1
43,114222,81166,1,Self-employed,33835,0,584,1
70,16977,37441,2,Unemployed,91975,0,560,1
47,145936,68891,5,Self-employed,60,0,594,1
43,39856,52494,1,Self-employed,65447,0,620,1
44,106172,51997,3,Self-employed,59206,0,584,1
73,101831,88975,1,Employed,52027,1,514,1
56,122388,4829,3,Employed,34948,1,459,1
29,88431,81025,1,Employed,48546,0,640,1
39,114694,59864,5,Employed,56839,0,567,1
63,68946,78484,1,Unemployed,5269,0,579,1
72,102204,158,1,Unemployed,41334,0,624,0
29,134667,18440,1,Unemployed,74587,1,485,0
65,124659,69303,4,Self-employed,18953,1,464,1
69,20535,20660,5,Employed,28439,0,524,1
49,128501,48385,3,Self-employed,62743,0,612,0
49,113003,2888,2,Unemployed,20664,0,606,1
48,64026,17855,4,Employed,49063,1,460,0
35,85202,93582,2,Self-employed,63522,1,491,0
64,100301,24249,4,Self-employed,9816,1,482,0
40,49993,98742,1,Self-employed,32941,1,501,0
29,41717,99577,2,Employed,97107,1,471,0
67,65786,47403,0,Self-employed,8909,0,625,1
45,84875,2481,2,Employed,74210,1,442,0
23,49627,52233,5,Self-employed,94649,1,383,1
52,64694,5603,2,Self-employed,11400,0,566,1
50,51699,11500,2,Employed,58706,1,464,0
66,124004,21205,4,Self-employed,46798,1,439,0
67,134414,33006,2,Unemployed,91523,1,441,1
49,57021,1153,4,Employed,91375,1,422,0
47,139706,59847,2,Self-employed,47324,1,439,0
33,130807,22882,3,Unemployed,2486,0,607,1
29,87992,18989,2,Employed,37554,0,578,1
76,36469,45953,2,Employed,67657,0,586,0
31,62234,83918,5,Self-employed,1612,0,618,1
30,55833,4685,4,Unemployed,55844,0,569,0
68,121239,28268,2,Unemployed,36942,0,608,0
78,136101,93645,3,Unemployed,6972,1,444,0
50,94483,56477,5,Unemployed,4764,0,613,1
26,56079,16173,5,Employed,87554,1,447,1
42,44038,49033,4,Unemployed,26665,1,432,1
33,40122,83204,2,Unemployed,76361,1,457,1
63,139332,73700,5,Unemployed,15232,1,455,1
65,132131,28103,4,Unemployed,33654,0,549,0
69,77860,33172,2,Employed,13793,1,508,0
66,79127,5949,2,Self-employed,15410,1,456,0
34,59994,36471,4,Unemployed,31435,1,459,0
75,109570,82075,2,Unemployed,52445,0,594,1
40,127903,93372,3,Unemployed,2642,0,638,0
31,42971,94187,4,Employed,10389,0,567,1
58,125115,38173,3,Employed,35207,1,437,0
31,22720,79874,1,Unemployed,36283,1,512,1
62,105455,16149,2,Employed,71805,1,487,1
40,105356,97719,5,Unemployed,32637,1,432,0
60,36478,34469,1,Self-employed,4518,0,613,0
34,89968,88422,5,Unemployed,32642,1,460,0
28,80849,69528,1,Employed,17792,1,521,0
73,146375,20399,0,Self-employed,95452,1,479,1
21,132885,43359,5,Employed,93487,1,413,0
65,102415,84117,4,Employed,69879,1,447,0
77,89445,35930,0,Self-employed,92702,0,621,1
53,122242,4477,2,Employed,25202,1,473,0
63,103100,17576,4,Unemployed,95694,1,437,0
34,52607,96474,1,Unemployed,43241,1,438,0
77,114112,39331,4,Employed,57359,1,416,0
45,21118,20273,5,Unemployed,59487,1,415,0
37,98350,71783,2,Self-employed,7530,0,609,1
44,43550,293,0,Unemployed,26140,1,484,0
53,31367,26989,3,Unemployed,70880,1,441,0
66,29711,19811,5,Employed,53257,1,386,0
77,40663,70287,0,Unemployed,34296,0,618,0
77,102578,48036,1,Employed,54020,0,566,0
22,27497,70332,1,Self-employed,75711,0,566,1
27,26933,92835,0,Self-employed,5803,0,598,0
26,57539,56704,3,Unemployed,39698,1,416,1
60,80799,48770,0,Employed,30236,0,650,1
72,95652,12486,0,Employed,2817,1,507,0
26,146989,3711,0,Self-employed,34556,1,511,0
23,112791,58819,1,Employed,35423,0,603,0
80,26036,87415,5,Self-employed,90164,0,559,0
30,46485,43535,3,Self-employed,13852,0,578,1
56,36839,86577,1,Self-employed,59990,1,487,0
38,61104,81118,3,Self-employed,92879,1,427,0
49,36441,83622,3,Employed,29872,1,457,0
40,133762,63769,0,Self-employed,34898,0,629,0
51,128982,55453,5,Employed,69523,0,543,0
54,104402,83583,5,Employed,99900,1,430,0
35,88393,36873,0,Self-employed,48166,1,476,1
24,33060,99485,3,Unemployed,4831,0,583,1
40,110536,6567,5,Employed,34941,1,463,0
65,51085,81032,4,Employed,90850,1,434,0
32,79359,12845,5,Unemployed,17210,0,585,0
34,63348,91269,2,Employed,93659,1,471,1
26,102311,28078,4,Unemployed,7065,1,451,0
41,108035,23610,0,Unemployed,76317,1,448,1
32,85846,94868,2,Unemployed,78487,1,439,0
23,127359,10255,3,Unemployed,41156,1,472,0
69,112861,9309,5,Employed,47050,1,414,0
79,117611,45768,2,Self-employed,94536,1,461,0
31,57972,85042,3,Unemployed,2256,1,437,1
55,48038,86972,2,Self-employed,35280,1,482,1
78,77702,63987,5,Employed,60701,0,564,0
33,76493,69593,5,Self-employed,1178,0,562,0
67,108166,86271,4,Self-employed,59647,0,554,1
26,146110,9906,1,Self-employed,86543,1,442,1
51,85870,63633,0,Employed,25589,0,616,1
31,90432,76052,2,Employed,36053,1,441,1
26,16564,25479,5,Employed,59268,0,567,0
78,79230,36618,3,Self-employed,43745,0,582,1
45,29548,75649,4,Employed,60127,0,595,0
73,112745,38454,0,Self-employed,85186,1,471,1
55,103033,1375,3,Employed,14537,0,626,1
32,27570,79688,4,Employed,12865,0,608,1
21,128852,58559,1,Self-employed,69687,0,592,1
69,132174,56018,4,Employed,60065,1,418,1
32,45053,17795,0,Self-employed,50528,1,506,0
48,34812,69266,4,Self-employed,38430,0,611,0
68,111976,90829,2,Employed,32311,1,464,1
38,100303,39026,2,Employed,87152,0,614,1
31,89326,60177,0,Unemployed,5774,0,625,0
57,76738,73144,3,Self-employed,59028,1,463,1
48,135884,41654,3,Employed,14710,1,486,1
77,112818,1752,1,Unemployed,33415,1,509,0
27,22221,22250,5,Employed,7476,1,444,1
29,40115,46853,0,Self-employed,42989,0,597,1
27,28761,20649,0,Employed,49222,1,458,0
73,83706,95532,5,Self-employed,15166,1,452,0
40,54166,99086,1,Self-employed,90533,1,468,0
71,16194,99113,3,Employed,1356,1,480,1
60,21144,83760,3,Employed,26759,1,486,0
73,102722,47751,1,Unemployed,57310,1,486,0
79,43714,23137,4,Employed,59058,1,423,0
40,94838,60161,5,Unemployed,13482,0,576,0
46,131915,61015,4,Self-employed,68668,1,417,0
37,126159,98572,3,Self-employed,15596,0,632,0
55,130133,15200,3,Employed,76117,0,566,1
72,101358,89529,5,Employed,46254,1,476,1
52,63205,28947,2,Employed,87270,1,456,0
21,128270,70832,3,Unemployed,8465,0,577,0
38,49728,38113,4,Self-employed,83861,0,578,0
22,131602,82343,0,Self-employed,52647,0,609,1
62,88928,13236,1,Employed,8385,1,460,1
43,21463,21643,0,Employed,64118,0,567,1
71,118460,66211,3,Unemployed,86833,1,447,1
54,39941,47258,2,Self-employed,98386,1,464,1
42,92351,42986,0,Unemployed,84129,1,499,1
72,52771,35905,0,Self-employed,7779,0,585,1
73,122422,83722,5,Employed,12315,0,610,1
79,60430,8964,2,Unemployed,20577,0,598,1
60,82730,32755,5,Self-employed,34034,1,451,0
67,51029,40612,4,Self-employed,70515,0,530,0
54,123709,71808,4,Self-employed,13468,0,614,0
54,43789,94412,1,Employed,32478,0,647,0
70,88376,27417,1,Employed,82421,1,469,1
46,36747,43361,1,Employed,6224,0,648,1
59,147793,66016,1,Employed,57533,1,489,0
78,98894,80514,3,Employed,87347,0,606,1
76,48538,68683,5,Self-employed,4166,0,579,0
48,38798,33325,2,Unemployed,1392,0,596,1
63,114282,68447,0,Self-employed,63132,0,628,0
23,125107,40254,3,Employed,85796,1,429,1
71,44849,95009,5,Employed,7195,1,419,1
34,141608,11597,2,Unemployed,50120,1,494,0
30,51807,82781,2,Unemployed,5321,1,471,1
80,20939,69016,1,Employed,28144,1,445,0
23,120902,92889,0,Unemployed,78867,1,486,0
28,96403,47315,3,Unemployed,87312,1,410,0
22,71616,15508,1,Employed,25164,1,498,0
68,58951,35470,4,Unemployed,6513,1,424,1
62,54399,39978,4,Self-employed,81620,0,594,1
61,96255,16050,2,Unemployed,4956,0,617,1
77,137449,95007,4,Unemployed,41787,1,423,0
55,146632,16544,5,Employed,69988,1,410,1
48,73064,9131,3,Employed,12485,1,432,0
51,24650,27399,0,Unemployed,44612,1,478,1
77,103928,44567,3,Self-employed,28900,0,587,1
39,88530,39383,2,Employed,75328,1,450,1
78,31477,65276,4,Employed,10338,1,465,0
49,70210,53492,3,Unemployed,84604,0,591,1
39,141593,95994,3,Unemployed,49956,0,602,1
46,146669,45722,3,Unemployed,27849,0,580,0
35,84273,74752,4,Self-employed,7434,0,558,1
43,68587,2583,2,Unemployed,55881,0,552,0
62,147164,81594,1,Unemployed,87546,0,620,1
43,76559,29530,5,Employed,20592,1,434,0
80,87998,38663,5,Employed,75112,0,576,0
60,19014,33904,3,Self-employed,67152,1,462,1
79,80165,49235,5,Employed,16862,1,408,0
80,91443,29425,1,Employed,64605,1,504,0
37,19881,4138,0,Employed,64214,0,601,0
76,49686,21747,1,Unemployed,11899,0,608,0
22,67774,27868,3,Employed,76072,0,605,0
80,68221,7542,0,Employed,97230,0,591,0
60,75913,58568,5,Employed,74842,0,530,1
70,24707,51777,3,Unemployed,50166,0,598,0
27,75424,85669,1,Employed,81319,0,590,0
65,131705,57964,4,Employed,71755,0,541,1
46,148651,17729,2,Employed,69281,1,429,1
56,99392,94287,0,Self-employed,48300,1,451,1
67,28968,50475,5,Employed,2820,0,601,1
70,47652,86038,4,Self-employed,31476,0,576,1
59,131065,25334,2,Self-employed,28531,0,604,1
58,79968,76105,3,Employed,64368,1,456,1
35,83886,74228,5,Employed,92118,1,422,0
71,149860,74971,4,Self-employed,96256,0,563,0
55,120921,11159,2,Unemployed,53482,1,469,1
74,106766,89434,3,Self-employed,94272,1,411,0
79,74168,68147,2,Employed,32305,1,474,0
22,139729,22824,4,Self-employed,22119,0,616,0
27,136520,99223,4,Employed,45925,1,445,1
32,108111,49591,4,Employed,44831,0,597,1
77,67826,86031,3,Self-employed,7421,1,504,0
47,106245,248,1,Unemployed,53985,1,435,1
37,19561,41242,2,Self-employed,90806,1,462,0
63,20830,88164,0,Employed,99715,1,502,0
44,107308,3581,5,Employed,1563,0,588,0
38,35083,84239,3,Employed,36557,1,448,0
58,107948,78890,3,Unemployed,75748,1,450,1
37,130584,20748,1,Unemployed,29938,1,501,1
49,28738,68827,5,Employed,25499,1,402,1
51,45319,36605,1,Unemployed,94160,1,488,0
41,133414,61825,0,Unemployed,26317,0,633,1
47,55404,89603,3,Self-employed,56255,0,582,0
53,50238,9447,4,Unemployed,97432,0,561,1
50,60616,69243,5,Unemployed,3473,0,615,0
67,74261,99710,5,Self-employed,91006,0,535,0
77,79178,40933,2,Self-employed,63160,0,602,0
76,64626,52860,4,Self-employed,11374,0,580,1
62,136784,3926,5,Unemployed,34449,0,536,1
21,130761,55163,0,Employed,56675,0,584,1
48,105991,15246,5,Self-employed,35914,0,574,1
63,130096,35234,1,Employed,25595,0,611,0
39,107399,7853,3,Employed,10125,0,570,1
64,32011,34316,2,Employed,62326,1,426,1
48,25075,30455,2,Unemployed,37938,1,434,0
65,119832,86315,1,Self-employed,549,0,648,0
44,51221,31616,4,Self-employed,78964,1,415,0
27,63049,35032,0,Employed,69535,1,507,1
48,51007,3853,2,Unemployed,46266,1,474,0
72,133981,95716,3,Unemployed,22539,0,586,0
50,47444,20679,2,Self-employed,50960,0,556,0
22,41571,77832,0,Unemployed,32173,1,489,1
78,20940,14219,2,Employed,83272,0,559,0
64,120792,88920,2,Unemployed,49571,1,437,1
77,75014,7244,5,Employed,91509,0,553,1
53,89088,51255,5,Employed,85852,0,536,0
28,52178,69166,3,Employed,31369,1,472,0
56,92197,13976,3,Employed,6701,1,428,1
57,115897,60767,2,Self-employed,47512,0,616,0
43,68857,48456,1,Employed,18492,0,588,0
68,107299,91019,1,Self-employed,87655,0,561,1
69,101992,50398,3,Unemployed,91444,1,440,1
49,96932,37227,0,Self-employed,57522,1,450,0
64,19762,60048,4,Employed,57090,1,465,1
71,34869,55481,3,Unemployed,99214,0,526,0
36,36363,17454,0,Unemployed,61964,1,480,0
74,59656,49433,1,Employed,1991,0,612,0
36,106034,71775,4,Employed,60917,1,450,1
49,89515,42540,2,Self-employed,99100,0,586,0
62,74813,26538,2,Unemployed,99927,1,458,0
31,40557,1919,5,Unemployed,42661,0,577,0
37,143948,19571,1,Unemployed,14119,0,605,1
22,69919,52755,3,Unemployed,84513,0,603,1
59,16378,42087,5,Self-employed,64240,0,580,1
36,34021,24949,0,Self-employed,50089,1,476,1
28,68339,31156,0,Self-employed,11938,0,648,1
43,22607,6904,1,Employed,59378,0,568,0
51,28538,91894,0,Employed,8104,0,615,1
44,147749,87049,3,Employed,81481,0,581,1
34,138922,89173,0,Unemployed,15962,0,640,1
41,24261,46376,0,Employed,26684,0,602,0
63,125868,70639,5,Self-employed,60014,0,564,1
47,112361,93896,4,Employed,50918,1,485,1
67,73064,90758,0,Unemployed,26791,0,603,0
30,27782,36980,4,Employed,20934,0,617,1
25,68344,11957,2,Employed,33885,0,614,0
71,26226,75484,1,Self-employed,4670,1,475,0
33,133376,47177,3,Self-employed,7250,0,600,0
29,106440,7123,4,Unemployed,48267,1,481,0
46,122464,47801,2,Self-employed,38726,0,576,0
60,109536,64622,1,Employed,88010,1,479,1
80,84698,33523,5,Self-employed,24645,1,473,0
80,21384,57809,3,Self-employed,85855,0,529,0
74,122478,77297,1,Unemployed,15939,0,627,1
32,118405,87087,2,Employed,50024,0,615,0
27,19103,65863,4,Unemployed,77274,0,557,1
21,56878,82144,2,Employed,5897,1,476,1
32,129906,60281,0,Self-employed,46042,1,496,1
39,65797,49174,5,Self-employed,42656,1,429,0
26,144200,32376,0,Employed,91884,1,450,0
60,126601,92869,3,Unemployed,38192,0,613,0
40,103526,96492,3,Self-employed,1250,1,474,1
74,33567,42302,1,Employed,96379,1,470,0
27,82313,71146,4,Employed,20461,1,446,0
58,71209,51028,2,Employed,68316,1,444,0
50,52143,40571,0,Unemployed,91059,1,449,1
45,106736,21573,5,Employed,60548,0,583,1
50,103557,14148,2,Employed,79776,0,597,0
70,45895,65501,4,Self-employed,13388,1,457,0
39,54193,32154,3,Unemployed,44097,0,574,0
74,61381,69977,4,Self-employed,95750,1,392,0
22,112330,86188,5,Employed,76766,0,570,1
44,44943,79935,2,Self-employed,76471,0,597,1
70,81698,40322,0,Unemployed,62174,0,642,1
41,19258,26682,3,Unemployed,12710,0,564,1
61,109903,89723,1,Unemployed,96526,1,429,0
34,21292,43446,2,Unemployed,84211,0,610,0
66,87764,18382,5,Self-employed,7270,1,464,0
21,86799,48453,2,Employed,58445,1,470,1
56,140856,43813,2,Self-employed,50129,0,570,0
31,92141,13110,3,Unemployed,45575,0,586,1
58,37477,955,5,Employed,25024,0,539,1
74,57022,73440,5,Self-employed,12411,1,444,0
21,65774,97627,0,Unemployed,71040,0,633,0
56,133284,25578,2,Employed,10175,1,481,0
53,63582,70383,1,Unemployed,6865,1,463,1
63,51180,50801,0,Self-employed,13714,1,463,0
51,18580,7487,1,Self-employed,95022,1,462,1
63,110779,81457,5,Employed,30168,0,587,0
65,141644,26652,5,Employed,84422,1,419,1
33,42183,24665,5,Unemployed,37777,1,401,1
23,84109,50790,1,Unemployed,64265,1,447,0
39,116385,6165,2,Unemployed,28762,0,614,1
23,68941,49666,5,Self-employed,20822,1,465,1
53,135489,38954,5,Unemployed,4600,0,570,0
67,41073,3078,3,Self-employed,82249,0,564,1
42,46829,9811,5,Unemployed,64897,0,552,0
52,53430,50645,5,Unemployed,18048,0,542,1
54,68421,24308,1,Unemployed,31625,0,619,0
62,136610,49865,3,Self-employed,29962,1,494,0
60,32692,518,2,Unemployed,43767,1,418,1
47,60237,20832,5,Unemployed,23203,0,597,1
29,69156,92719,3,Self-employed,87943,1,478,1
43,26923,98418,5,Unemployed,78957,0,561,1
70,43721,31078,0,Self-employed,84793,0,614,1
67,113142,53135,2,Unemployed,74052,1,436,0
76,46295,38639,1,Employed,23308,0,598,1
46,68489,21493,0,Unemployed,48620,0,584,0
25,62767,46260,5,Employed,61750,1,395,0
21,103162,39349,4,Employed,70678,0,557,1
39,103114,68451,4,Self-employed,394,1,496,0
34,78155,68024,0,Unemployed,90128,0,560,0
31,101054,8182,3,Self-employed,81161,0,533,0
29,133962,74290,5,Unemployed,36834,0,571,0
43,120323,85642,1,Self-employed,79565,0,561,1
31,93754,37519,5,Self-employed,8406,0,570,0
42,100026,1930,3,Unemployed,86288,1,420,1
74,73673,50600,1,Self-employed,27745,1,478,1
26,62869,33543,3,Self-employed,43903,0,621,0
52,103241,16994,4,Employed,50570,1,472,1
34,31697,32456,2,Self-employed,2250,1,451,1
58,141381,38486,4,Unemployed,12071,0,585,1
42,115033,8204,0,Self-employed,82829,1,504,0
65,65284,31686,0,Self-employed,97743,0,615,1
37,79154,3031,2,Employed,36217,0,630,1
63,140540,46115,0,Employed,18462,1,503,1
49,34593,44613,2,Unemployed,35248,0,610,0
21,134166,46462,5,Self-employed,78603,0,554,1
40,128462,5648,2,Employed,30654,1,452,0
71,86685,57,5,Unemployed,13100,1,445,0
56,41065,90440,1,Unemployed,16700,0,598,0
30,114818,49872,3,Employed,41484,0,600,0
49,53257,11627,5,Self-employed,5153,0,606,0
40,35465,17786,3,Unemployed,32593,0,604,0
52,126360,19109,0,Self-employed,14597,1,474,1
74,53001,95328,2,Employed,37586,1,435,0
44,78273,73050,0,Self-employed,96058,1,480,1
62,42470,18006,2,Employed,88677,1,450,1
63,93122,9346,3,Self-employed,23669,0,622,0
62,129686,70363,0,Self-employed,79516,0,591,1
66,69243,62361,0,Unemployed,42779,0,618,1
49,149307,2886,2,Self-employed,27286,0,565,1
21,128936,68885,0,Self-employed,91031,0,578,1
32,16121,20867,1,Self-employed,39111,0,627,0
78,81748,44939,1,Self-employed,70925,0,588,1
27,139215,6439,3,Unemployed,71305,0,599,0
47,25493,86988,0,Unemployed,55479,0,641,1
72,121818,99904,0,Unemployed,5873,0,624,1
32,100766,20492,0,Unemployed,75,0,614,0
75,85719,95451,3,Employed,34152,0,604,1
35,37203,98414,5,Self-employed,3166,1,448,1
44,58944,83722,5,Employed,34476,0,568,1
37,21837,17633,1,Self-employed,11757,1,489,0
52,71476,85318,2,Employed,13081,0,616,1
32,133867,86249,0,Unemployed,58032,0,599,0
48,48291,31952,0,Unemployed,78378,0,597,1
73,52399,75614,1,Self-employed,91665,0,605,0
37,83243,57416,0,Unemployed,23664,0,588,0
29,89735,76002,0,Employed,12173,1,522,1
46,31707,69593,5,Employed,5442,1,483,1
60,102433,87673,4,Employed,28470,0,576,0
58,32810,62748,0,Unemployed,49479,0,614,0
52,113195,5269,4,Self-employed,22549,0,593,1
69,57650,52855,0,Self-employed,23004,0,627,0
59,106562,95452,2,Unemployed,56116,1,444,1
54,34260,43574,1,Self-employed,77504,0,620,1
44,121047,64073,3,Unemployed,7017,0,624,1
80,113128,92876,4,Self-employed,11327,1,452,1
22,18864,79668,4,Self-employed,97019,1,389,0
50,147804,14502,3,Unemployed,5568,1,444,1
61,118371,78534,1,Self-employed,10980,1,465,0
73,86989,94493,4,Employed,59216,0,550,1
36,136675,65268,3,Unemployed,28223,1,504,0
28,139256,19998,5,Employed,94138,1,399,1
22,112349,29609,4,Unemployed,9087,0,580,0
44,34143,31938,1,Unemployed,2155,1,477,0
57,118072,80408,3,Employed,79106,0,574,1
53,112154,6004,4,Employed,6481,1,433,1
32,16746,79775,0,Self-employed,48254,1,495,1
48,59638,91874,1,Employed,2314,1,500,1
71,109070,17820,1,Unemployed,78417,0,587,0
70,146287,33251,3,Unemployed,34123,0,628,1
31,146204,80787,5,Employed,98834,1,409,0
80,58213,5421,0,Self-employed,65703,1,448,0
57,56900,70705,3,Employed,38750,1,438,1
24,28460,17080,1,Employed,19590,0,641,0
78,91948,45568,0,Self-employed,95044,1,506,0
37,106180,33070,4,Employed,26903,0,590,0
57,102778,1554,5,Self-employed,32582,0,588,0
29,84594,66679,3,Self-employed,76944,1,462,1
29,93349,69432,0,Unemployed,87762,1,511,1
51,65963,45572,5,Unemployed,81282,0,528,1
50,123814,5500,0,Self-employed,22255,1,455,1
69,109315,86377,3,Self-employed,69998,1,422,0
22,143120,58334,5,Unemployed,4792,0,556,0
49,49421,35756,2,Self-employed,98600,1,434,1
71,38783,1673,1,Employed,77665,0,626,1
69,28621,79925,0,Employed,79484,0,594,1
69,61191,89375,5,Self-employed,65819,0,561,0
66,145874,52814,5,Self-employed,77757,1,409,1
44,97481,97313,1,Self-employed,45496,0,635,1
54,17205,27699,4,Self-employed,51840,1,432,1
36,111555,11518,1,Self-employed,12511,1,506,0
32,147687,57416,5,Unemployed,89514,0,582,0
30,50802,85010,2,Employed,83624,0,603,0
30,147931,82013,3,Employed,68881,1,449,0
52,121168,21086,1,Self-employed,12468,0,623,0
79,28106,67770,0,Self-employed,45865,1,481,0
42,85957,18758,2,Self-employed,15830,1,489,0
33,46287,13870,0,Unemployed,96976,0,617,0
57,69051,82944,0,Unemployed,47525,0,645,1
35,96043,57436,5,Employed,48702,0,542,1
47,127484,55416,3,Unemployed,19,1,479,0
32,54702,88045,3,Self-employed,85367,1,428,0
68,30753,69370,3,Unemployed,9474,1,467,1
54,41784,1438,5,Self-employed,90109,1,374,0
33,99519,48169,4,Employed,30029,0,546,0
48,51241,46045,3,Self-employed,36779,0,564,0
49,50754,49245,1,Employed,34840,1,436,1
33,27272,96187,5,Self-employed,77911,0,550,1
22,91020,28189,3,Employed,35866,1,492,1
76,59688,72641,1,Employed,82004,1,433,1
43,110541,72287,4,Employed,2510,0,586,1
44,113937,68846,4,Employed,95872,1,408,0
42,139037,2108,2,Self-employed,46124,1,470,1
42,29366,87630,0,Self-employed,6710,1,483,0
61,77219,23554,3,Employed,23852,1,456,0
38,44061,99035,4,Self-employed,48197,1,424,1
50,99831,86208,2,Employed,45435,1,492,1
25,63678,68141,0,Self-employed,66466,1,504,0
46,114350,84200,1,Self-employed,15253,0,613,0
57,131260,80024,0,Employed,1109,0,617,0
49,126914,28174,0,Self-employed,51635,0,615,1
60,98313,18414,2,Employed,84285,1,486,1
76,23987,54377,3,Employed,94998,0,578,1
31,82150,69613,4,Employed,70940,1,414,1
78,53203,44026,2,Unemployed,40063,1,475,1
74,143128,32606,5,Unemployed,30659,1,425,0
65,59827,76583,1,Employed,72371,0,589,1
66,18136,28573,5,Unemployed,71093,1,448,0
58,111374,77868,5,Unemployed,66907,0,577,0
42,56806,5479,2,Employed,99628,0,599,0
44,132384,60787,1,Self-employed,38710,0,621,1
48,54269,22893,1,Unemployed,75821,1,424,1
65,26238,18306,3,Employed,83162,0,577,1
31,84479,16942,0,Unemployed,17593,0,583,0
23,112518,61096,4,Employed,29608,0,547,0
66,49865,19493,4,Self-employed,53092,0,598,0
55,70269,12515,0,Unemployed,43824,0,649,0
44,17866,76597,0,Self-employed,6960,1,477,0
75,124757,14493,4,Employed,45465,1,460,0
75,20734,53859,3,Unemployed,30647,1,438,1
28,74719,80109,0,Employed,25285,1,483,1
27,86062,64974,3,Self-employed,3891,0,563,1
74,94629,65820,2,Unemployed,12149,0,573,1
49,83320,42086,0,Unemployed,33303,0,637,0
64,36176,21598,1,Employed,86878,1,420,0
58,54300,82576,0,Self-employed,4424,0,650,1
57,120474,67811,4,Unemployed,23141,1,453,0
37,120634,5817,1,Unemployed,47892,1,485,1
48,82115,84556,1,Unemployed,31689,1,477,1
76,72344,47576,3,Employed,21124,0,566,1
25,94552,25614,5,Unemployed,23993,1,424,0
44,109972,24071,4,Unemployed,19318,0,616,1
61,44520,14777,3,Employed,79286,1,429,1
32,69919,8216,0,Unemployed,20058,1,523,1
79,122453,28737,1,Self-employed,32157,0,630,0
30,52238,24583,5,Self-employed,91571,0,530,0
77,84139,51041,2,Unemployed,87409,1,474,1
60,40734,79669,3,Employed,55933,0,618,0
35,144015,31809,5,Employed,81661,1,463,0
23,143081,52154,4,Employed,31469,1,420,0
40,18725,97501,0,Unemployed,2312,0,588,0
72,73772,58537,4,Employed,82948,0,545,0
71,112002,70315,3,Unemployed,71786,1,410,0
46,50510,6451,5,Self-employed,70597,0,584,0
29,24824,6203,1,Employed,45684,0,610,0
56,105588,65476,5,Self-employed,36551,0,541,0
46,84850,64439,1,Self-employed,47567,1,486,0
28,54954,53611,4,Employed,56797,0,559,1
24,67958,72370,0,Unemployed,69136,0,637,1
61,19833,67815,5,Unemployed,83691,1,444,0
28,143439,50591,4,Self-employed,50319,1,481,1
80,119686,68456,1,Self-employed,28674,0,580,1
46,85041,54389,1,Unemployed,65798,1,485,0
22,77084,87557,3,Employed,23600,1,492,0
66,146424,50655,2,Unemployed,43530,0,599,0
53,85564,7537,5,Self-employed,87359,0,541,1
74,94616,83786,0,Unemployed,18732,0,663,1
51,148237,84109,5,Unemployed,21445,0,590,0
36,33537,45840,0,Employed,52737,0,641,0
62,27752,24443,3,Self-employed,66821,1,448,0
41,51534,23327,5,Unemployed,23870,0,532,1
26,147010,72368,4,Self-employed,97502,0,529,1
39,81457,15281,3,Employed,99841,1,453,1
31,95782,79586,5,Self-employed,20681,1,409,1
59,133502,92247,5,Self-employed,6333,0,598,0
56,37155,10715,4,Employed,29689,1,473,0
25,141262,31608,3,Unemployed,19071,0,635,0
45,102426,1420,1,Employed,99232,0,596,0
24,100463,66264,0,Self-employed,49860,1,518,1
59,117297,5630,4,Employed,30123,0,541,1
51,33530,46336,5,Unemployed,40363,1,459,0
36,83900,80985,0,Unemployed,51452,1,471,0
49,87074,85399,1,Employed,75264,1,473,1
56,95133,33690,3,Unemployed,57535,0,555,0
37,46457,64255,2,Unemployed,79949,0,556,1
54,89005,53284,5,Unemployed,40634,0,566,0
79,138079,5490,3,Employed,67814,0,602,0
34,141910,94979,2,Unemployed,21385,0,614,0
69,149909,6684,1,Employed,41956,0,599,0
25,28162,62320,5,Employed,93399,1,410,0
46,85911,59369,1,Employed,35262,1,471,0
64,134512,21728,4,Unemployed,89538,1,398,0
60,84080,38166,3,Employed,61546,1,426,1
48,87794,6853,2,Self-employed,49861,1,425,1
39,119125,2591,4,Self-employed,24584,1,412,1
80,51358,64074,0,Self-employed,86402,1,492,1
50,136181,61552,1,Unemployed,65803,0,605,1
78,15332,8377,2,Unemployed,47956,1,472,0
78,139309,39847,0,Self-employed,77738,0,645,0
53,33182,32339,4,Employed,61249,0,551,1
29,112175,21393,5,Unemployed,67032,1,390,0
22,35165,48472,1,Employed,45720,0,598,1
78,53418,2204,4,Self-employed,29585,1,441,1
73,120142,18455,5,Self-employed,5223,0,586,0
72,99730,11088,5,Self-employed,33703,0,575,0
38,18189,75216,5,Self-employed,29163,0,545,0
62,132185,41637,0,Unemployed,38960,1,474,1
27,23124,36514,5,Self-employed,21444,1,460,0
79,124598,78228,1,Self-employed,63028,1,445,1
78,44406,23595,4,Self-employed,21061,1,484,1
53,68020,79586,3,Unemployed,53162,1,483,1
76,95934,30212,4,Employed,28056,0,548,0
59,120301,72068,3,Employed,56897,1,437,0
62,149338,44445,0,Employed,65481,0,645,1
34,68826,50528,2,Employed,53750,0,563,0
62,149084,80958,2,Self-employed,24477,0,601,0
22,56726,59811,4,Self-employed,38416,1,475,0
25,143380,60756,0,Unemployed,67098,0,609,1
30,54586,30559,5,Self-employed,87102,1,443,1
46,48536,92512,5,Self-employed,31398,1,464,0
48,115074,83421,0,Self-employed,80810,0,637,1
49,122972,14204,0,Employed,45465,1,463,0
25,120570,82873,5,Employed,53298,0,540,0
80,99620,48342,2,Employed,31992,1,448,0
28,120946,5090,4,Unemployed,50556,0,537,0
30,98851,70162,0,Employed,13729,0,662,1
44,24949,76987,0,Self-employed,2491,1,471,1
80,30233,87243,4,Employed,64133,1,429,1
47,76131,56701,5,Self-employed,9848,0,568,0
78,87506,63111,5,Employed,96911,0,570,0
32,124452,93874,5,Employed,15392,0,559,0
68,87680,63614,3,Employed,95293,1,405,1
22,82355,2081,2,Self-employed,39059,1,428,0
49,121447,22571,0,Self-employed,19540,0,644,1
52,60021,12194,0,Unemployed,92172,0,579,1
36,86082,3695,5,Unemployed,16675,0,543,1
53,61116,88340,1,Self-employed,76303,1,461,1
51,133325,98072,5,Employed,18657,0,547,1
61,67203,12022,0,Unemployed,32608,1,461,1
70,110456,33895,5,Unemployed,8871,1,483,0
23,97516,80044,0,Employed,12326,1,489,0
50,50225,80555,0,Unemployed,89160,0,608,1
44,22850,69683,2,Self-employed,64977,1,427,1
58,89912,2761,4,Employed,20056,1,425,0
42,100918,37314,0,Self-employed,88817,0,635,1
49,97085,8778,5,Employed,32330,0,594,1
53,30613,61157,1,Employed,55627,0,576,0
73,117902,69558,0,Unemployed,59135,1,478,1
27,16544,20880,1,Self-employed,12768,0,627,1
42,147753,60625,1,Unemployed,34579,1,504,1
55,47348,80906,3,Unemployed,90295,1,433,0
34,32600,66796,0,Employed,89298,1,455,0
22,116250,91784,5,Employed,41148,1,407,0
65,68955,89157,1,Self-employed,30470,0,571,1
63,63522,66680,3,Self-employed,84127,1,454,1
24,49303,9543,5,Employed,93103,1,394,0
24,84424,62530,1,Employed,51394,0,634,1
78,72633,4644,5,Unemployed,45321,0,527,1
64,74691,35362,3,Unemployed,98726,1,404,1
57,126503,22359,3,Employed,86251,1,443,1
78,22795,77272,4,Employed,13138,0,600,1
64,58652,65996,4,Self-employed,93193,1,397,0
31,26507,40232,3,Unemployed,94434,0,601,1
69,65478,83871,2,Employed,42636,0,595,0
52,50109,17590,2,Unemployed,21344,0,560,1
68,33790,28982,1,Self-employed,19544,0,634,0
26,108997,36003,2,Self-employed,12214,1,452,1
54,134193,61526,0,Self-employed,10363,1,527,0
69,52309,22299,0,Employed,40436,1,456,1
62,20796,76214,0,Employed,62378,0,636,0
59,59229,359,3,Employed,67139,0,556,1
42,81781,89083,4,Self-employed,6144,1,473,0
77,61502,48279,3,Self-employed,88143,0,540,1
76,129325,58200,2,Employed,26015,1,507,0
32,17438,15982,2,Employed,21721,0,571,0
54,135400,15464,3,Self-employed,31538,0,579,1
70,59998,13376,5,Employed,96457,1,416,1
54,109641,72050,3,Self-employed,1339,1,478,0
28,87604,40079,4,Employed,1199,0,608,1
51,133712,97468,0,Self-employed,65903,0,583,0
64,62005,6498,5,Employed,9271,0,568,0
74,21453,64339,2,Employed,47408,1,421,0
63,75606,55069,1,Employed,73663,1,435,1
80,29298,86368,0,Unemployed,36145,1,521,0
67,39428,60954,2,Employed,14630,0,619,0
70,145375,72473,2,Employed,60924,0,582,1
73,58103,78618,4,Employed,72562,0,585,1
26,110731,68151,4,Employed,88964,0,534,1
45,39082,76715,0,Self-employed,6105,0,653,1
29,19780,84365,5,Self-employed,2468,1,445,0
35,136909,90801,1,Unemployed,45551,0,637,0
73,39629,92636,4,Unemployed,903,1,452,0
24,27436,36518,3,Self-employed,89539,0,582,0
31,30932,94952,3,Self-employed,14724,0,611,1
53,69141,14894,2,Self-employed,27622,0,576,0
67,86506,87881,4,Employed,37315,1,446,0
41,52561,19967,2,Employed,1524,1,496,1
39,60829,35448,0,Self-employed,58380,0,638,0
46,44382,71700,3,Unemployed,82072,1,437,0
21,42745,23383,5,Self-employed,23432,1,450,0
32,61920,57778,3,Employed,16370,1,500,0
58,15914,485,3,Unemployed,12785,0,572,0
70,128012,52402,2,Employed,90006,0,577,0
80,41862,21224,4,Employed,4445,0,579,1
64,84582,74787,1,Employed,38987,0,609,1
65,71462,41805,0,Employed,25834,1,466,0
32,40811,83960,1,Self-employed,91644,0,614,0
50,59325,94958,5,Employed,28443,0,540,1
57,57755,52088,1,Self-employed,48702,1,496,0
34,63321,64377,5,Employed,76564,1,430,0
49,60019,47709,3,Employed,29734,1,422,0
41,16308,94781,1,Self-employed,85547,0,556,1
41,17667,32628,0,Self-employed,36130,0,620,0
62,59540,56287,0,Self-employed,87786,0,595,1
54,72246,10127,2,Self-employed,61031,0,595,0
59,88237,58167,1,Unemployed,87348,1,438,1
79,38633,90035,0,Unemployed,93260,1,450,1
68,30479,16652,4,Employed,18024,1,447,0
27,65745,81730,5,Unemployed,38721,0,576,1
68,28424,98292,0,Employed,21790,1,489,0
71,101059,44192,0,Unemployed,28896,0,592,1
36,118534,13588,3,Unemployed,3148,0,587,0
27,83882,5821,4,Self-employed,66002,1,413,0
67,132671,13639,3,Unemployed,34306,0,568,1
40,84341,62087,4,Employed,40323,0,548,0
59,20510,61807,4,Self-employed,15733,1,474,0
56,34794,2623,0,Employed,37508,0,637,1
38,100828,72350,3,Unemployed,26515,1,434,0
73,24271,1073,3,Self-employed,43930,1,456,0
79,57035,96360,5,Self-employed,72493,1,436,1
42,116230,23360,3,Unemployed,75610,1,434,1
42,74971,51670,3,Unemployed,71909,0,603,0
75,100802,16778,2,Unemployed,60050,1,436,0
41,112074,6311,5,Self-employed,42008,0,537,1
40,88046,49595,3,Unemployed,96391,1,409,1
48,31676,76244,3,Employed,41220,1,425,0
64,145479,95102,5,Employed,54422,1,457,1
34,49070,92058,4,Self-employed,43028,1,447,0
34,77442,43280,2,Unemployed,33514,0,583,0
29,86650,55706,0,Self-employed,77833,0,640,0
67,80935,93260,4,Unemployed,69640,1,417,0
39,69702,75258,3,Employed,35227,0,622,0
55,36562,1857,4,Unemployed,76523,1,424,1
22,101692,70491,4,Self-employed,28135,1,491,1
23,145373,14632,5,Employed,20216,1,406,1
24,134248,16628,3,Employed,97530,0,595,1
41,65400,58851,5,Employed,12709,1,450,0
21,72162,43321,2,Employed,94183,0,567,0
45,134084,94771,0,Employed,28423,1,510,0
62,15421,86115,1,Self-employed,39693,1,443,0
41,43242,28083,5,Unemployed,28537,0,581,1
77,17580,24554,0,Self-employed,26905,1,520,0
74,105101,26137,4,Employed,32172,1,483,0
42,106464,73659,5,Self-employed,84402,1,462,1
31,53283,27293,2,Unemployed,45794,1,491,1
59,79451,8566,4,Employed,26355,0,579,1
21,43634,84211,3,Self-employed,16021,0,556,1
70,72477,21328,3,Unemployed,6864,1,489,0
26,62686,69016,1,Self-employed,84309,1,431,0
65,51786,64768,4,Employed,47514,0,536,1
75,90563,61485,1,Unemployed,90207,1,427,0
74,135672,58108,2,Self-employed,53705,1,449,0
74,95306,12628,2,Employed,97083,1,440,0
30,56500,28882,5,Self-employed,1191,0,578,1
31,137296,21042,1,Self-employed,31943,1,457,0
54,74345,4194,3,Self-employed,63208,1,413,1
51,123537,15082,3,Self-employed,36978,0,555,0
67,139389,59322,1,Unemployed,12519,0,625,0
76,125792,20165,2,Employed,46647,1,495,0
49,93630,61133,4,Self-employed,33529,1,416,1
39,44032,69453,3,Self-employed,42872,0,551,0
53,43455,64565,2,Unemployed,86924,0,544,1
42,147778,76719,3,Employed,92259,1,435,1
57,61409,46470,1,Self-employed,99237,1,429,1
57,56975,3770,0,Self-employed,5275,0,628,0
48,36263,6981,2,Unemployed,92730,0,557,0
56,144335,94621,1,Self-employed,97095,0,583,0
52,106248,78654,3,Unemployed,21694,1,438,0
78,111363,18099,3,Self-employed,25300,1,472,1
34,120089,5654,4,Unemployed,48535,0,564,1
55,141974,76933,0,Self-employed,34736,0,602,1
42,120572,38254,1,Self-employed,8665,1,459,0
34,41891,85841,4,Self-employed,33543,1,475,1
21,45449,36618,4,Self-employed,69170,0,522,0
21,67362,328,1,Unemployed,84748,0,577,1
60,121130,64723,0,Unemployed,65555,0,652,0
66,138331,15488,3,Self-employed,31349,1,462,0
21,40445,75812,2,Self-employed,73263,1,470,1
69,132938,70386,1,Employed,23222,1,508,1
22,78416,29227,4,Employed,72705,1,450,1
44,60788,69617,3,Self-employed,96664,0,554,1
47,73392,78475,5,Unemployed,27181,0,605,0
44,64693,29734,0,Self-employed,6224,0,631,1
54,131924,52778,0,Employed,79412,0,575,1
41,134489,42047,0,Unemployed,58961,0,648,1
32,148404,20519,4,Employed,52671,0,560,0
76,128262,18349,1,Self-employed,76321,0,600,0
45,97905,41025,3,Self-employed,81271,1,423,1
33,114993,23914,4,Unemployed,99755,1,426,0
54,111749,32271,0,Unemployed,64967,1,479,1
69,47875,81355,3,Self-employed,15970,0,572,0
50,55733,83506,3,Employed,6516,0,628,0
48,27356,85319,3,Unemployed,80730,0,565,0
40,42401,52511,2,Self-employed,43052,1,476,0
64,119575,99049,4,Unemployed,26379,0,614,1
40,103855,15294,4,Employed,69584,0,598,1
45,119726,27810,0,Self-employed,99194,0,614,1
66,89581,8932,5,Employed,26364,1,472,0
46,62172,52781,0,Self-employed,43947,1,496,1
62,114353,19320,3,Employed,32126,0,586,1
24,37266,66547,3,Unemployed,40978,0,548,1
49,127415,98273,4,Self-employed,4997,1,497,0
51,84232,37867,1,Self-employed,55530,0,634,0
73,126816,25123,1,Employed,47161,0,616,0
62,59556,54191,4,Self-employed,38768,0,544,1
68,21365,83809,0,Unemployed,19163,1,516,1
42,140747,10054,3,Self-employed,44865,1,422,1
56,50982,63439,2,Unemployed,13435,0,610,0
44,62727,2321,4,Employed,61275,0,527,0
25,21245,98608,2,Unemployed,61092,1,480,1
72,80507,76633,1,Unemployed,78905,0,609,0
34,124338,58886,3,Self-employed,8786,0,623,0
33,103729,19245,5,Employed,38985,1,452,0
48,49593,99176,2,Self-employed,48372,1,434,0
54,116459,97663,3,Employed,92768,1,449,1
58,126850,53,1,Self-employed,52941,0,621,0
27,139581,32494,5,Employed,7748,0,605,0
27,62812,52160,4,Employed,55209,1,468,0
60,73661,36652,0,Employed,84107,0,576,0
27,30156,70843,2,Unemployed,3196,0,601,1
32,71589,96308,3,Employed,70006,0,563,1
80,40763,16083,5,Self-employed,34327,1,461,0
77,131580,31100,4,Unemployed,21369,1,439,0
68,87185,68269,3,Self-employed,74542,0,605,0
37,46307,46411,1,Self-employed,75914,1,433,0
51,109520,41792,1,Employed,19779,0,596,0
67,113425,22946,4,Unemployed,97714,0,522,0
22,103485,77621,1,Self-employed,6826,1,522,1
54,75480,62433,0,Self-employed,62937,1,458,0
38,105347,99158,2,Self-employed,2372,0,604,1
78,147480,14202,2,Employed,18763,0,609,1
21,133445,73057,3,Self-employed,48647,1,445,0
24,17783,95990,4,Employed,99852,1,431,1
80,90142,12165,0,Employed,71715,0,625,1
21,139507,38243,0,Employed,50011,0,619,1
53,85907,42062,2,Unemployed,4976,0,609,1
71,50016,72718,4,Self-employed,50803,0,606,1
62,115870,17940,3,Employed,28404,0,590,1
55,63449,50072,0,Unemployed,20315,1,513,0
57,102794,56196,2,Unemployed,43613,0,559,1
37,84205,5077,3,Employed,22643,0,583,1
39,32820,9669,0,Unemployed,51055,0,636,1
41,121944,41319,2,Self-employed,40091,0,636,0
78,93036,78417,0,Employed,66337,0,578,1
76,79901,95277,3,Self-employed,13898,1,504,0
60,16439,19335,4,Employed,32557,0,555,1
42,52986,56166,1,Employed,49459,0,596,0
68,79408,11420,2,Employed,78700,1,461,0
78,73494,84626,5,Employed,89862,0,548,1
31,143041,7105,2,Unemployed,63231,0,554,1
21,145999,42091,3,Employed,84392,1,439,0
29,82093,35825,5,Employed,68913,0,542,1
67,63571,51784,3,Unemployed,75249,1,410,0
52,55005,15844,1,Unemployed,24370,1,444,0
69,99547,51503,1,Employed,76498,1,488,0
34,37081,13493,3,Unemployed,92798,1,405,0
66,32152,69182,3,Employed,30924,0,548,0
58,114399,43759,3,Unemployed,81963,1,443,1
61,48112,32153,2,Employed,31663,1,468,0
56,104408,43728,4,Employed,47742,1,434,0
43,93621,22432,2,Employed,40423,1,480,1
80,118322,86410,4,Self-employed,38630,1,473,0
40,78658,63101,3,Unemployed,33573,1,487,1
55,55407,80692,0,Self-employed,22956,1,464,1
44,38953,1057,2,Employed,48495,1,494,1
42,137237,56735,1,Self-employed,12731,1,504,0
57,80521,13976,1,Unemployed,37277,1,475,0
27,118226,65414,1,Unemployed,74679,0,593,0
50,24266,2004,2,Employed,21268,0,580,1
71,121403,98817,3,Employed,7592,1,482,0
56,35145,69661,2,Unemployed,5999,1,474,1
73,27169,44017,0,Self-employed,62538,0,579,0
23,126431,23950,5,Self-employed,86118,1,404,1
37,68718,84930,0,Unemployed,24604,0,596,0
66,95068,7890,2,Self-employed,59414,0,601,0
74,42353,6705,0,Self-employed,89416,0,564,0
67,40067,86153,2,Self-employed,40917,1,438,1
54,69110,76216,1,Employed,45594,1,464,1
65,86498,79626,0,Employed,51087,1,464,0
44,60497,72024,3,Self-employed,89148,1,420,0
68,88812,90695,1,Employed,91172,0,611,1
78,71431,50631,4,Unemployed,83429,0,585,1
55,148594,1452,3,Self-employed,66241,1,444,1
64,105449,25457,5,Self-employed,65914,1,412,0
43,81564,35271,3,Unemployed,28490,0,615,1
38,146037,90569,0,Unemployed,24360,0,590,0
31,129807,7054,5,Self-employed,65607,1,391,1
70,56102,59522,5,Employed,35503,1,460,0
36,143222,31708,0,Employed,29659,1,461,1
63,84773,51433,5,Unemployed,8880,0,598,1
72,39987,65557,2,Self-employed,91029,0,616,1
41,74960,10833,1,Self-employed,95005,0,620,1
30,135721,70090,3,Unemployed,61744,0,568,1
23,83546,67948,1,Employed,27604,0,573,0
55,56492,58531,4,Employed,59771,0,571,1
77,128036,21265,2,Unemployed,51175,1,466,1
30,75060,37803,4,Employed,93134,0,568,1
51,86686,6686,2,Self-employed,42757,0,612,0
24,72005,47594,2,Self-employed,64452,1,471,1
40,35722,95569,5,Self-employed,30940,1,423,0
76,73280,33269,0,Employed,19547,1,481,1
48,76131,35993,3,Self-employed,91143,0,603,1
59,74384,90838,2,Employed,13642,1,502,0
74,78555,41806,5,Unemployed,91137,1,422,1
33,36854,54724,4,Employed,46907,1,425,0
27,104747,66557,5,Employed,39441,0,558,0
59,16509,71431,2,Employed,16095,1,472,1
64,129793,16007,3,Self-employed,11155,1,430,0
42,51645,73394,1,Employed,25552,1,519,1
24,70273,15227,4,Unemployed,79773,0,548,1
22,114561,17913,2,Unemployed,2423,0,589,0
27,101120,16476,1,Unemployed,38193,0,596,0
49,26036,44860,2,Employed,37533,0,585,0
38,74112,26794,4,Self-employed,91256,0,575,0
45,98710,67674,5,Unemployed,82599,1,403,1
32,19768,70173,2,Employed,93598,0,575,1
59,58286,18938,2,Employed,31008,0,626,0
61,135638,40398,4,Employed,1644,1,430,1
28,53106,9213,1,Unemployed,58793,1,483,1
23,54612,9860,3,Employed,23066,1,454,1
31,85499,89010,5,Self-employed,71691,1,458,1
72,42409,98078,4,Self-employed,56486,0,565,0
68,89608,13524,5,Self-employed,97856,1,437,0
36,128464,37569,5,Self-employed,17880,1,422,1
23,57043,4764,1,Unemployed,2603,1,465,0
27,122826,95792,4,Unemployed,99449,0,545,0
56,97728,78787,2,Employed,22348,1,463,0
73,109603,11798,2,Self-employed,90563,1,413,1
58,24242,59606,4,Self-employed,72581,0,585,1
73,110476,82644,4,Self-employed,51164,1,484,1
38,124520,91656,0,Self-employed,99850,1,468,0
23,100713,62348,4,Unemployed,35278,1,477,1
31,97329,22525,0,Employed,34169,1,468,1
62,96447,78950,4,Employed,49490,1,439,0
66,128879,45383,5,Unemployed,34682,1,458,1
21,32797,78590,2,Employed,55899,1,427,1
50,135082,57871,2,Unemployed,74055,0,616,0
78,32254,65106,1,Unemployed,99904,1,441,0
42,26977,57721,0,Self-employed,9314,1,458,0
67,91486,62045,3,Employed,33303,1,461,1
64,84039,32880,2,Self-employed,69307,0,550,1
35,22210,75617,0,Self-employed,31588,1,448,1
27,109365,88635,0,Employed,43604,1,451,0
54,50387,52061,2,Unemployed,66559,0,606,0
43,58825,73476,2,Self-employed,57173,0,602,1
43,26029,55832,3,Self-employed,77040,1,472,1
24,49371,28568,1,Employed,60660,0,624,0
46,110943,26556,2,Employed,29064,0,586,0
23,51573,60929,4,Unemployed,72874,0,599,0
60,16740,31464,0,Self-employed,65731,0,576,0
50,90822,58237,4,Employed,92216,0,594,1
66,54428,5227,2,Unemployed,19219,0,603,0
49,111659,93039,4,Employed,26313,0,612,1
67,59795,68890,2,Employed,66376,1,431,1
62,146906,65519,3,Unemployed,40505,0,603,1
67,53057,42983,2,Unemployed,5652,1,478,0
48,89454,82106,5,Employed,37192,1,411,0
50,125493,82347,2,Self-employed,54921,1,434,0
72,139544,87556,0,Employed,57421,1,463,0
78,53191,8017,0,Self-employed,81130,0,560,1
30,127577,75602,5,Unemployed,18574,1,417,0
24,54770,89278,3,Unemployed,83043,1,437,0
78,116470,45655,4,Unemployed,9874,1,453,1
79,67630,28234,5,Unemployed,95815,0,531,0
25,52081,92477,5,Unemployed,45310,0,580,1
40,35388,85545,4,Self-employed,23257,1,447,1
32,70718,77630,2,Unemployed,82616,1,423,1
60,77113,49853,2,Unemployed,36368,1,438,1
76,117185,41560,1,Unemployed,34530,1,465,1
60,135261,96848,0,Unemployed,73211,1,452,1
52,109365,89066,4,Self-employed,20422,0,600,1
28,107343,40150,0,Employed,43980,1,522,1
54,77560,50585,0,Unemployed,57431,1,515,0
70,92710,53720,0,Employed,70840,0,628,0
59,54371,52078,1,Employed,88407,0,601,0
74,34469,30816,4,Self-employed,6773,1,413,0
54,42845,90322,1,Self-employed,79776,0,571,1
64,71290,65947,2,Unemployed,29889,0,570,0
63,111587,86685,2,Employed,25485,1,507,1
74,118761,40986,0,Employed,40244,0,592,0
63,19491,89994,0,Unemployed,92116,1,499,0
39,115632,53485,2,Employed,31702,1,471,0
63,30878,62140,3,Employed,16050,1,443,1
25,145547,59793,4,Self-employed,87100,1,472,0
25,59442,22491,2,Employed,51908,0,554,1
71,55214,13269,2,Self-employed,22831,0,576,1
35,127756,38446,3,Unemployed,43044,0,554,0
39,97046,78037,1,Employed,51542,1,484,0
46,111051,66636,1,Employed,64039,1,452,0
74,17102,23564,2,Self-employed,77741,0,560,1
50,78232,25708,5,Self-employed,55817,1,450,0
59,132746,15778,2,Self-employed,91070,1,483,1
39,125187,76288,3,Self-employed,48593,0,618,1
32,29671,87093,1,Unemployed,67690,1,503,0
39,67917,61450,4,Employed,91553,1,420,0
55,114073,78230,2,Unemployed,10862,0,631,1
48,65689,10012,4,Unemployed,11443,1,486,1
51,32915,19378,1,Employed,26873,1,494,1
72,130864,90322,4,Employed,28510,0,606,0
49,33776,48714,5,Unemployed,85506,0,544,1
51,58146,97905,3,Employed,73402,1,430,0
32,100071,55279,0,Employed,44789,1,482,1
65,47535,69370,1,Employed,3702,1,494,1
46,86856,29923,3,Self-employed,90570,1,442,0
67,32347,95186,3,Unemployed,7040,0,622,1
23,115465,56897,5,Self-employed,90656,1,454,0
75,62239,10639,3,Unemployed,53625,0,601,0
26,114611,37688,3,Self-employed,28567,0,610,1
30,75977,82663,1,Self-employed,82281,0,592,0
34,148038,67240,1,Self-employed,32860,0,628,0
38,64659,50894,4,Self-employed,20465,1,422,1
27,91659,79006,0,Self-employed,87966,0,634,0
21,125664,63478,4,Self-employed,67957,0,573,0
57,98540,15686,3,Unemployed,63687,1,414,0
78,123920,35352,2,Employed,77125,0,558,1
41,128265,17104,4,Self-employed,61741,0,538,0
74,86583,35283,0,Unemployed,73984,1,476,1
79,138266,28295,5,Self-employed,43310,1,422,1
22,131308,9663,0,Employed,50371,0,630,0
25,63070,85079,0,Employed,6801,1,513,0
26,110684,96718,5,Unemployed,54038,1,446,0
52,143747,3022,0,Employed,61686,1,442,1
45,42127,71825,3,Employed,58656,1,437,0
40,37990,28861,5,Self-employed,22544,0,586,0
61,118374,35248,0,Unemployed,49135,1,502,0
45,148554,83731,5,Employed,91393,1,433,0
22,144670,85596,4,Unemployed,21440,0,576,0
75,27593,76291,0,Employed,42080,1,452,1
63,58071,48601,4,Self-employed,98848,0,532,1
61,22015,58541,3,Employed,26510,1,431,0
41,80992,29747,2,Employed,55278,1,476,0
75,46940,31085,4,Self-employed,93711,0,555,0
26,114206,63360,3,Unemployed,98912,1,418,0
59,50156,21637,0,Employed,7077,1,482,1
21,137080,33794,4,Self-employed,57658,0,586,0
50,116168,73948,4,Unemployed,73596,0,591,1
54,30949,16263,3,Self-employed,83832,1,473,1
50,114894,20084,1,Unemployed,12240,1,464,0
75,120801,56216,4,Employed,60905,1,461,1
28,146128,58558,1,Unemployed,13156,0,604,1
54,108142,87448,4,Self-employed,26341,1,490,1
44,46839,30819,3,Employed,39330,1,466,1
75,53399,17707,1,Employed,56156,0,609,0
69,131969,68138,2,Unemployed,75623,1,443,0
43,16854,880,0,Self-employed,3934,0,621,1
32,56007,15581,2,Self-employed,52708,1,494,0
60,23736,26626,1,Employed,81787,1,451,0
53,74355,80030,3,Self-employed,34022,1,467,0
61,147549,29116,3,Employed,98594,1,401,0
78,27403,31209,0,Unemployed,79330,1,485,0
34,60151,80036,3,Employed,53324,1,436,1
64,112525,843,1,Unemployed,91545,1,452,0
24,78772,766,0,Self-employed,71828,1,457,0
74,86644,82455,2,Unemployed,10678,1,496,0
79,16907,65407,1,Self-employed,87434,1,474,0
78,50885,70663,2,Employed,84226,0,561,1
73,100419,42606,1,Employed,65311,0,576,1
37,88590,51785,3,Employed,16618,0,629,1
23,134552,24374,5,Unemployed,33771,0,556,1
67,105026,29322,3,Self-employed,32094,0,611,0
68,106753,91701,1,Self-employed,4055,1,521,1
54,30460,70756,3,Self-employed,95552,1,395,0
30,103639,20977,3,Unemployed,97339,0,596,0
75,72879,96975,1,Unemployed,58231,0,616,0
37,103483,42412,2,Self-employed,87467,0,618,0
38,124601,67139,5,Employed,57061,0,533,0
48,42809,40608,1,Employed,49686,1,493,1
60,119841,6102,4,Unemployed,74012,0,586,1
25,19098,10759,3,Employed,39110,0,600,1
41,105060,78797,1,Employed,53691,0,580,1
39,95498,38988,1,Employed,95489,0,551,0
52,40964,64206,3,Self-employed,84871,1,474,1
69,117035,49824,2,Employed,98839,1,489,0
22,49234,71994,3,Employed,7269,0,634,1
52,141431,18707,1,Self-employed,83390,1,465,0
51,93768,14407,0,Self-employed,37744,0,599,0
77,101337,28745,1,Unemployed,82888,0,558,1
39,55216,51678,1,Unemployed,17961,1,453,0
35,51680,26387,4,Unemployed,30341,1,430,0
66,148066,47512,2,Unemployed,18810,1,495,1
27,125796,49972,4,Self-employed,84940,1,438,0
56,59178,25867,5,Unemployed,97417,1,414,1
56,84530,8954,0,Self-employed,9574,0,588,1
61,114167,38991,3,Employed,71808,1,463,1
35,144818,42211,1,Employed,82853,1,490,0
64,112998,23566,1,Self-employed,67901,1,430,0
59,144436,12876,4,Self-employed,43130,1,449,0
34,123905,68751,5,Employed,67733,1,464,1
76,110321,40261,4,Self-employed,3302,1,479,0
56,30416,24231,2,Unemployed,12320,0,587,1
24,130667,75329,2,Self-employed,82494,1,463,1
39,106065,62990,2,Self-employed,59758,1,480,0
55,17501,79085,2,Self-employed,48923,1,420,1
30,71582,46332,0,Employed,96812,1,499,0
23,27315,69839,5,Employed,84853,0,509,0
51,65212,16702,4,Unemployed,5512,0,595,0
79,116919,460,4,Employed,24158,0,588,0
52,18204,70225,3,Unemployed,63542,0,587,0
25,53689,79460,1,Employed,51341,0,603,1
32,126979,54482,0,Unemployed,53164,0,635,1
77,29659,69911,3,Employed,91960,1,442,1
62,41504,12771,2,Employed,68628,1,475,0
59,58753,96016,2,Self-employed,69311,0,588,0
23,44872,79483,5,Employed,30847,1,400,0
76,40528,69584,4,Employed,62620,0,586,1
68,43289,39508,1,Employed,86609,0,618,0
49,146534,48815,1,Employed,41128,1,506,1
44,17154,23199,1,Employed,26315,1,506,1
73,128549,18569,3,Unemployed,19514,0,612,0
67,135938,38824,4,Self-employed,43720,1,420,0
79,31033,8970,4,Employed,23993,0,543,1
52,63083,61780,0,Self-employed,23615,0,639,0
27,62983,26322,0,Self-employed,74710,0,636,1
37,79939,27141,0,Employed,5837,0,609,0
79,40963,31213,4,Employed,9204,0,618,0
27,145736,25973,5,Unemployed,19584,1,464,1
44,85711,67819,4,Employed,22771,1,429,0
33,128237,66181,1,Employed,33208,1,509,1
37,128422,72763,1,Self-employed,30594,1,495,0
76,64505,30366,4,Unemployed,57901,0,553,1
56,140707,72144,5,Unemployed,77894,1,404,1
57,149243,45780,1,Self-employed,11922,1,493,0
21,128674,11218,4,Self-employed,11014,1,447,1
75,104262,90926,4,Self-employed,57625,1,443,0
48,99495,33395,4,Unemployed,88797,1,467,0
59,113906,31766,4,Unemployed,98753,0,564,0
80,16364,37554,1,Self-employed,83198,0,625,1
69,113063,36930,3,Employed,35161,1,474,1
35,29702,57845,2,Employed,74339,1,478,0
48,15809,93864,4,Unemployed,74089,0,597,0
35,80082,57540,5,Unemployed,53457,0,593,1
34,15716,828,5,Employed,54694,1,440,0
29,103877,65950,3,Employed,59103,0,583,0
79,55629,64278,1,Self-employed,55992,0,638,1
70,143250,41289,0,Employed,11881,0,641,0
77,63807,44730,4,Employed,60547,1,431,1
21,93299,14740,5,Employed,16016,0,536,0
36,50657,98329,5,Self-employed,57470,0,575,1
40,105024,47718,0,Unemployed,59736,0,624,0
51,136413,49091,1,Self-employed,76755,0,576,0
47,146309,74098,5,Unemployed,27841,1,441,1
34,130676,10118,3,Employed,70564,1,419,0
49,37556,35611,4,Employed,27987,0,550,1
73,57185,41005,4,Self-employed,31650,1,479,0
65,88217,15706,3,Self-employed,38364,0,586,1
39,146653,25180,1,Self-employed,2613,0,604,1
41,144163,3177,1,Unemployed,82582,1,442,1
50,67800,22437,3,Unemployed,57205,0,564,1
31,50304,96621,5,Employed,63458,1,416,0
35,32192,84055,5,Self-employed,86677,1,400,0
32,148168,82974,5,Employed,72786,0,532,1
61,20737,12891,2,Employed,98748,1,472,1
49,84171,63653,5,Self-employed,48251,0,544,1
58,26902,31387,4,Employed,6365,0,596,0
21,127171,11923,5,Employed,94857,0,528,0
31,109885,25237,1,Employed,78166,0,603,0
46,109866,50266,4,Employed,67515,0,602,0
34,51899,38931,0,Self-employed,559,0,615,1
54,43970,43832,0,Employed,80867,0,627,1
50,61375,58645,5,Unemployed,78456,1,394,1
51,64481,85656,4,Self-employed,32617,1,452,0
54,30635,16648,0,Unemployed,19825,0,599,0
72,27093,57105,5,Employed,47862,1,413,0
62,141201,19482,4,Self-employed,66929,1,425,1
53,84545,39980,1,Employed,51388,0,639,1
79,91405,84170,3,Unemployed,43223,0,559,0
56,99236,70929,5,Unemployed,36910,0,545,1
65,126229,66353,3,Employed,11739,1,440,0
33,143101,30855,0,Employed,44266,0,595,0
46,83011,60172,0,Self-employed,28683,1,467,1
69,48421,53367,5,Employed,18610,1,424,0
63,93297,47630,5,Unemployed,95144,1,404,1
62,91365,94368,4,Self-employed,32694,1,451,0
55,73122,97412,1,Self-employed,44006,0,643,1
76,133441,201,0,Unemployed,3899,1,461,1
26,106101,27876,1,Employed,73264,1,489,1
41,110607,98387,3,Employed,25336,0,590,0
56,145166,29331,4,Employed,90194,0,583,0
71,140481,85612,5,Unemployed,91334,0,532,1
53,147319,5348,0,Employed,23089,0,645,1
28,60925,66302,2,Employed,3467,1,455,0
70,148103,46601,2,Self-employed,62493,0,589,0
37,98341,45343,2,Self-employed,17926,1,475,0
53,82275,91330,2,Self-employed,58148,1,441,1
48,114301,48082,0,Self-employed,65255,0,603,0
51,47310,93240,3,Employed,43828,0,601,0
38,40696,41120,1,Employed,86091,1,439,1
23,24400,54305,2,Self-employed,75968,0,612,0
68,27505,18199,4,Employed,52696,0,577,0
49,66691,63958,0,Self-employed,58329,1,519,0
23,106738,95879,4,Self-employed,33615,1,483,1
34,104672,88460,0,Self-employed,15161,0,651,1
74,93262,45996,2,Unemployed,66065,1,418,1
50,21796,60433,3,Self-employed,73091,1,447,1
46,105307,17874,2,Employed,55554,0,568,1
31,98664,92440,3,Self-employed,22513,0,572,1
74,112975,76066,1,Unemployed,86991,0,563,1
40,36211,63936,4,Employed,48092,0,536,0
48,50273,90211,0,Unemployed,67421,0,592,0
37,52715,96754,4,Employed,82757,1,407,1
44,118789,34953,2,Unemployed,27691,0,637,0
77,22750,3127,1,Employed,54798,1,444,0
65,121179,97117,5,Employed,92222,0,550,1
43,79724,34208,4,Self-employed,33493,0,590,0
21,148864,40915,5,Unemployed,26266,0,605,0
66,53850,65965,3,Employed,76969,0,561,0
58,67982,84453,5,Employed,30754,0,587,0
76,138639,33863,1,Employed,46306,0,573,0
55,134250,89157,1,Self-employed,48447,1,496,1
77,105803,6430,3,Employed,32279,0,627,1
77,138261,73299,2,Employed,30978,0,618,1
36,88534,9177,3,Self-employed,83509,1,408,0
26,43762,30465,5,Self-employed,37037,0,555,1
27,141275,72934,0,Unemployed,88356,1,498,0
66,15137,23540,0,Self-employed,24460,1,455,0
43,100700,86180,3,Employed,16399,0,610,0
23,24285,55556,0,Employed,9509,0,617,0
60,86957,66801,2,Unemployed,27765,1,432,1
30,85270,74718,5,Unemployed,40989,0,546,1
43,80145,47508,3,Employed,5482,0,587,0
51,132500,46696,1,Unemployed,52257,1,495,1
41,99450,3015,5,Unemployed,71509,1,452,0
74,132800,21490,2,Employed,11653,0,619,1
80,73737,21848,5,Employed,81936,1,427,1
63,90503,19090,1,Unemployed,62645,1,493,0
63,39284,17132,1,Self-employed,24968,0,574,1
42,56698,53306,2,Self-employed,52643,1,491,0
25,110525,83107,3,Unemployed,99885,1,428,1
79,18665,60464,5,Employed,31532,1,458,0
30,48213,33810,3,Self-employed,4145,1,477,0
46,96124,81864,1,Employed,32536,0,650,1
23,71420,65184,0,Self-employed,78666,0,591,1
62,39539,43306,0,Employed,26255,0,618,0
65,131748,83997,1,Self-employed,59962,0,602,1
23,66607,83879,5,Unemployed,95385,1,450,1
35,118145,32795,2,Unemployed,60202,1,495,0
47,24920,97850,5,Unemployed,43678,0,599,0
44,119184,32464,0,Self-employed,86017,1,444,1
58,137417,86669,5,Self-employed,2085,1,452,0
22,44017,99724,2,Self-employed,26613,1,496,0
25,53243,80497,4,Self-employed,657,1,432,0
74,64568,71388,5,Unemployed,19792,1,445,1
34,94064,5187,5,Employed,61801,0,545,1
77,42562,3231,4,Unemployed,76173,1,403,0
78,98500,20296,2,Self-employed,83296,1,475,1
64,106263,93365,5,Employed,91393,0,569,0
75,128218,8592,2,Self-employed,10742,1,500,1
76,85826,83195,3,Unemployed,92728,1,426,0
70,39319,83719,5,Self-employed,96116,1,444,0
64,147980,84231,3,Employed,16144,0,581,1
61,50169,67086,0,Employed,83925,1,434,0
22,148545,53799,3,Self-employed,24524,1,432,1
57,85113,34209,3,Self-employed,1960,1,431,1
65,77841,591,2,Self-employed,69454,1,443,0
56,116286,88508,3,Unemployed,22473,1,434,0
27,136237,75167,3,Self-employed,27259,0,604,1
28,50675,9974,5,Employed,19316,1,417,0
61,110979,54162,5,Unemployed,84352,1,405,0
63,98569,20899,3,Unemployed,32127,0,599,0
56,18112,53544,4,Employed,61646,1,427,0
53,69869,16384,0,Self-employed,60702,1,484,0
53,136044,48772,2,Unemployed,39360,1,444,1
74,113311,90704,1,Employed,44731,0,617,1
53,142731,67159,4,Self-employed,56830,1,478,0
55,21671,41724,1,Employed,76182,0,606,0
78,73594,4181,5,Employed,69439,0,580,0
73,147061,51659,5,Employed,64126,1,463,1
76,19493,1428,3,Self-employed,5800,1,482,0
59,107646,76829,0,Employed,77060,1,503,1
55,142565,47620,4,Employed,66067,0,588,1
44,119664,17378,2,Unemployed,41540,0,602,1
32,82901,85881,4,Unemployed,62398,0,536,0
33,144661,39537,3,Unemployed,64115,0,617,1
42,50078,73216,2,Employed,99684,0,551,0
39,59653,81425,0,Unemployed,82726,0,578,1
24,69609,29653,4,Unemployed,35896,1,443,0
72,28186,74399,1,Unemployed,57794,0,574,1
74,123466,7415,5,Employed,37214,0,571,0
76,136048,24299,3,Employed,22106,1,426,1
43,88725,2229,0,Unemployed,61351,0,569,0
68,96034,98481,1,Unemployed,4584,0,659,0
52,75755,13865,2,Self-employed,48817,1,447,0
51,108088,87322,2,Employed,35170,1,444,0
44,79463,42161,0,Unemployed,66597,1,500,1
45,110168,17619,2,Employed,4746,0,623,1
70,50797,82431,1,Employed,87520,0,586,0
60,139143,57529,4,Self-employed,30554,1,476,1
38,57763,48333,2,Unemployed,53501,1,472,0
42,98965,33960,3,Employed,31536,1,482,0
44,82256,47064,2,Self-employed,34104,0,575,1
36,125208,57545,0,Unemployed,97515,1,488,0
24,25381,79818,5,Unemployed,32595,0,530,0
59,64396,98107,4,Unemployed,70621,1,468,1
63,141194,2841,3,Unemployed,28700,0,592,0
41,55116,12575,4,Unemployed,27851,0,588,0
47,122162,32208,1,Employed,59973,0,583,0
22,35742,3431,4,Employed,28937,1,403,0
78,19951,28723,2,Unemployed,64765,1,440,1
26,136311,80739,3,Employed,68036,0,589,1
70,122995,52561,1,Employed,57103,0,609,1
71,97586,69163,0,Employed,54974,0,620,0
26,84831,80174,2,Unemployed,97696,0,590,0
23,110000,88661,3,Employed,1852,0,609,1
58,72592,27524,1,Self-employed,24355,0,648,0
48,142875,46658,5,Employed,22353,1,442,0
37,117200,97443,2,Unemployed,12862,1,457,0
32,126516,93311,4,Unemployed,29278,1,485,0
72,29777,84077,1,Employed,71257,1,470,1
59,100892,88316,2,Employed,66665,1,477,1
42,144787,31587,1,Employed,57088,1,442,1
23,60790,11725,4,Self-employed,978,1,470,0
69,28579,42523,1,Self-employed,96762,1,449,1
75,66512,19576,4,Employed,80092,0,525,1
23,127504,48519,5,Unemployed,77295,0,564,0
48,74518,7019,4,Employed,54595,1,446,0
65,22799,61558,5,Self-employed,97366,1,393,1
24,18048,37174,3,Employed,8301,0,626,1
79,41749,95417,2,Self-employed,90786,0,549,1
79,100552,83219,0,Self-employed,51173,1,463,1
54,48359,99231,2,Unemployed,13675,1,495,0
43,142131,40389,5,Employed,59621,0,558,1
56,41333,91944,4,Self-employed,5328,1,430,1
36,42576,72479,1,Self-employed,8243,1,517,0
56,44598,42148,3,Unemployed,67210,1,480,1
47,62158,31402,1,Self-employed,74850,1,448,0
79,54375,51881,3,Unemployed,53008,0,589,0
58,136229,41619,5,Self-employed,1679,0,563,0
75,48655,59474,5,Employed,50940,1,422,1
43,47758,12900,5,Employed,12674,1,434,1
57,46150,97161,0,Self-employed,30750,0,634,0
79,71710,45502,2,Self-employed,3007,1,459,1
23,15468,26208,1,Self-employed,72663,1,446,1
72,33780,34510,1,Unemployed,15516,1,507,0
40,38781,4787,1,Unemployed,72438,1,428,0
58,42211,40087,3,Employed,31058,0,579,1
60,129542,51653,4,Unemployed,53809,0,562,0
42,71218,35261,0,Self-employed,92204,1,440,1
41,58262,90361,1,Self-employed,56888,0,582,1
77,58179,7510,4,Employed,17374,0,572,1
30,39069,10295,5,Self-employed,93101,0,565,1
65,22560,51627,5,Unemployed,80682,1,398,0
77,21577,45085,1,Employed,20299,0,633,0
57,134522,76502,2,Unemployed,12360,1,470,0
77,102400,27764,5,Unemployed,11486,1,468,0
76,66259,77661,1,Self-employed,64010,1,505,1
71,111240,76342,5,Employed,9513,0,556,1
42,26788,57750,0,Unemployed,67213,1,486,0
69,92036,87743,2,Employed,74448,0,627,1
23,119121,6057,4,Employed,23929,0,589,1
50,24691,23742,3,Employed,97023,0,550,1
47,88334,39782,3,Unemployed,28689,0,586,0
68,115410,18816,0,Self-employed,95025,1,438,0
40,83272,86636,3,Unemployed,15382,0,594,0
23,24639,20303,5,Employed,59175,0,588,1
50,107993,15282,0,Employed,99658,0,635,0
34,129646,23046,1,Employed,10987,1,497,0
43,49176,20639,5,Self-employed,78432,1,385,0
39,121861,45020,1,Self-employed,59606,0,602,0
26,41544,58447,2,Unemployed,95129,0,564,0
56,134945,27524,1,Unemployed,17534,0,612,0
76,72017,74833,5,Self-employed,45357,0,552,1
41,75949,68544,5,Self-employed,97367,1,433,1
74,72130,22519,5,Self-employed,38238,1,451,0
25,134956,94086,2,Employed,20036,1,489,0
25,134250,48137,4,Self-employed,75537,0,557,1
64,145995,18068,1,Self-employed,39671,1,500,1
46,58915,70417,0,Unemployed,3602,1,530,0
72,74110,20079,3,Employed,32709,0,599,0
33,86867,45068,5,Unemployed,14440,0,537,0
68,120537,34133,2,Employed,43126,1,472,0
37,78152,67601,1,Self-employed,46014,1,486,1
26,22193,68653,4,Self-employed,14351,0,586,0
36,88490,77948,1,Self-employed,26537,0,602,0
54,24433,86129,4,Self-employed,1270,0,600,0
61,22845,46563,4,Unemployed,35940,0,554,0
43,112461,38777,2,Unemployed,54531,1,497,1
26,98566,19677,2,Employed,30119,1,474,1
47,95276,7629,5,Employed,35493,0,559,1
39,84985,22992,1,Unemployed,12330,0,604,0
55,107752,70647,3,Self-employed,21557,1,449,0
22,42758,63388,4,Unemployed,56829,1,419,1
55,23773,6355,5,Self-employed,26420,1,409,0
77,100093,46422,5,Unemployed,19355,0,548,0
67,129065,20264,2,Employed,46165,0,563,1
71,55696,65691,0,Self-employed,98259,0,632,1
47,146783,65132,3,Unemployed,74064,1,415,1
66,92084,86904,5,Self-employed,48668,1,411,1
48,27804,57816,2,Self-employed,89880,1,471,0
62,22932,88110,1,Employed,39647,1,433,0
21,96630,38512,4,Employed,4415,1,465,1
74,32328,45978,2,Employed,18627,1,450,0
69,34488,11682,0,Self-employed,4018,1,520,1
37,99378,16585,4,Unemployed,60638,0,573,1
28,51378,89239,4,Employed,90685,0,555,0
34,77525,79734,2,Unemployed,54077,1,491,1
29,67451,83918,5,Unemployed,46232,0,549,0
71,129800,8957,5,Self-employed,7480,0,609,0
55,36283,27792,3,Unemployed,95456,0,577,0
23,17306,22828,1,Self-employed,81365,1,416,0
32,118288,40735,1,Unemployed,8103,1,522,1
73,107015,18468,4,Self-employed,40205,0,551,0
62,104092,68000,0,Unemployed,18378,1,529,1
71,27781,46271,0,Self-employed,21311,1,503,1
71,47426,98432,2,Self-employed,34375,1,502,1
31,87489,53843,1,Employed,62044,1,484,1
68,102130,16341,5,Self-employed,74182,1,401,0
59,136184,75221,1,Employed,16815,0,586,0
42,127863,79035,0,Unemployed,14628,0,598,1
78,31517,12987,4,Unemployed,78344,1,444,1
38,56889,67575,5,Self-employed,36442,1,424,0
80,89283,77641,2,Employed,23894,0,582,1
57,41499,10927,1,Employed,20699,1,471,0
36,74260,49512,4,Employed,47290,0,606,1
45,25427,79306,1,Employed,47665,1,439,0
48,22973,85190,5,Employed,72992,0,550,1
65,144091,85430,1,Unemployed,91254,0,577,1
79,22453,38091,0,Employed,14163,0,596,0
36,125518,28686,2,Employed,60096,1,432,1
61,33814,51020,4,Unemployed,92969,0,569,1
35,76413,95897,1,Unemployed,76495,1,442,0
60,69882,54483,3,Employed,36052,0,565,1
25,15956,74619,3,Employed,50681,0,606,0
35,94075,66841,0,Unemployed,66032,1,512,0
63,142443,65550,3,Self-employed,53303,0,566,1
26,62491,37323,0,Self-employed,66223,0,585,1
33,23811,47143,2,Unemployed,91821,1,414,1
22,77593,83797,2,Employed,34199,0,595,1
25,80871,94905,2,Employed,43558,1,453,1
68,113750,98370,4,Self-employed,62517,1,465,1
64,103565,19685,1,Unemployed,82127,1,495,1
50,79836,72033,3,Unemployed,5761,1,478,0
24,18942,62722,0,Employed,34025,0,645,1
37,115601,59360,1,Unemployed,28398,1,519,0
64,62722,81941,4,Self-employed,86677,1,440,1
73,21948,550,4,Unemployed,74497,0,557,1
40,102463,32574,0,Unemployed,3561,1,461,0
70,79470,91580,1,Self-employed,8421,0,591,1
46,60172,7431,0,Employed,85513,1,500,1
21,19366,93352,5,Self-employed,30714,0,553,0
42,28428,9955,2,Employed,91622,0,601,1
72,20279,27159,5,Employed,40642,1,445,1
59,123925,7043,1,Unemployed,86339,0,629,1
78,61796,15812,3,Unemployed,66509,1,445,0
62,105709,97877,2,Self-employed,33613,1,488,1
54,117689,36530,3,Employed,94923,0,546,1
75,93769,64753,3,Employed,74457,1,477,1
38,149006,69833,2,Unemployed,18415,0,621,1
45,40591,58981,4,Self-employed,28359,0,576,0
43,64683,44376,3,Employed,67318,1,462,0
34,57716,91529,2,Employed,24940,0,603,1
62,65241,31103,3,Unemployed,40998,0,568,1
37,57829,47424,0,Self-employed,97237,0,615,0
72,131089,32512,1,Employed,90330,0,554,0
64,85288,6070,1,Employed,19113,1,441,1
38,41963,41714,1,Self-employed,23770,1,471,0
36,130744,89203,1,Self-employed,53901,0,604,1
35,106100,78033,1,Unemployed,33282,1,501,0
39,52862,45563,4,Self-employed,33793,0,539,0
33,33947,23708,1,Self-employed,48554,0,576,0
61,85586,18222,0,Self-employed,43633,1,498,0
64,115099,36324,1,Unemployed,72516,1,506,1
56,141740,2613,2,Unemployed,52553,1,474,0
79,142657,22299,5,Unemployed,91419,1,430,0
41,84786,51109,0,Unemployed,68367,1,466,1
25,74566,23391,1,Employed,94084,0,547,0
37,89365,15455,2,Employed,42238,1,474,0
56,80596,26562,4,Unemployed,32353,0,540,1
62,107429,93062,1,Unemployed,97261,0,625,0
33,123443,33154,4,Self-employed,49865,0,585,1
29,20657,61304,5,Employed,84636,0,567,1
62,134791,85191,2,Unemployed,94133,0,618,1
22,97513,29422,4,Employed,85902,0,564,1
51,119182,52698,1,Employed,50382,0,639,0
62,107453,62930,1,Unemployed,60990,0,601,1
57,131563,63509,3,Self-employed,93928,1,456,0
31,32401,54625,5,Self-employed,99034,1,382,0
56,90575,31150,2,Employed,23442,0,587,0
70,87988,12262,3,Employed,15317,1,452,0
62,132444,55088,0,Unemployed,80181,1,489,0
65,51950,12621,4,Self-employed,95446,0,571,0
62,52835,30684,1,Unemployed,51246,1,467,0
79,83722,98619,3,Self-employed,78958,1,470,0
46,132794,89900,4,Unemployed,25684,1,456,0
52,92222,41551,0,Self-employed,66397,1,485,0
26,81457,16093,3,Employed,52769,0,554,1
55,16465,38911,1,Self-employed,72150,0,612,1
26,75634,2593,1,Employed,97364,0,564,1
56,106076,5217,3,Employed,7690,1,454,0
53,122588,11911,0,Unemployed,85531,0,608,1
42,19943,18266,4,Employed,34643,1,426,1
74,23216,65258,1,Self-employed,12992,1,456,1
66,126752,88361,1,Employed,52295,1,495,0
56,86861,83831,4,Employed,5498,1,422,0
76,26523,28600,5,Unemployed,29973,1,454,0
67,19263,3687,4,Employed,73263,1,440,0
71,115813,92596,2,Unemployed,63238,0,584,1
61,146383,21191,4,Self-employed,5318,1,465,1
35,109903,87197,2,Self-employed,4425,0,625,1
70,30862,50028,2,Employed,17520,1,465,1
67,63676,83633,3,Employed,82710,1,469,0
72,78430,79932,1,Employed,98056,1,465,0
44,129729,25861,0,Unemployed,20217,1,476,0
49,25418,88972,5,Unemployed,29048,1,446,1
51,62537,63986,2,Self-employed,40015,1,428,0
32,138816,17801,4,Self-employed,8112,0,629,0
32,79177,42275,2,Self-employed,30418,0,621,1
26,51743,26444,1,Employed,55610,1,502,1
55,124712,83634,5,Self-employed,33983,0,568,0
80,36879,11598,1,Self-employed,1979,1,500,0
55,121708,12823,4,Self-employed,70401,1,397,0
74,142163,32417,3,Unemployed,52159,0,616,0
28,103240,6357,5,Unemployed,434,0,578,0
59,98040,41667,4,Employed,52987,1,411,0
47,53362,49558,2,Self-employed,62566,1,441,1
64,113748,9923,5,Self-employed,83927,0,559,1
26,137171,35688,2,Self-employed,67045,1,488,1
68,101348,3231,4,Unemployed,42051,1,444,0
43,129844,37264,5,Self-employed,64211,1,419,1
67,22988,2981,3,Self-employed,86998,1,457,0
77,112711,22177,4,Employed,72466,1,424,0
78,62336,91360,3,Unemployed,38607,0,561,1
51,129400,50434,1,Self-employed,47994,1,461,0
77,107969,79187,2,Self-employed,53995,1,438,0
47,133897,92156,5,Self-employed,741,1,484,1
63,147692,49937,4,Unemployed,18101,1,466,1
73,94079,43385,2,Employed,1504,1,494,1
24,85680,62434,0,Unemployed,64632,1,483,0
70,131047,82358,1,Unemployed,67467,0,622,1
63,23347,7625,4,Employed,3685,1,471,1
62,89172,24710,5,Self-employed,36729,0,546,0
36,112623,4272,5,Unemployed,94518,0,585,1
65,142652,66953,0,Unemployed,56598,0,646,1
78,45561,86680,5,Employed,71647,1,438,1
47,96211,10449,3,Unemployed,94894,0,592,0
38,121510,20693,3,Self-employed,87646,1,420,0
47,71916,45015,0,Employed,70890,1,464,0
60,95956,53884,0,Self-employed,83921,1,475,0
48,62220,83456,3,Self-employed,85933,0,536,1
49,116884,70598,3,Employed,64220,1,454,0
44,93918,63612,0,Employed,1908,0,596,0
72,76934,88286,1,Self-employed,43332,1,495,1
46,124780,22991,4,Self-employed,59467,0,571,1
67,106344,36985,2,Self-employed,15853,0,628,1
51,94656,80787,0,Unemployed,93703,0,613,0
60,72452,69688,0,Unemployed,27583,1,465,0
46,132224,17130,2,Self-employed,18202,1,467,0
36,49936,56526,5,Unemployed,83509,1,383,1
51,77416,83441,4,Self-employed,72443,1,411,1
55,117728,61711,0,Unemployed,38404,0,652,0
61,105900,37564,5,Self-employed,73907,0,541,1
36,136115,62621,5,Employed,12620,1,463,1
66,106529,18199,0,Unemployed,46252,1,480,1
38,127308,19749,2,Employed,90766,0,620,0
27,19895,87488,3,Unemployed,94626,0,558,1
61,23914,41421,4,Self-employed,8358,0,558,1
53,149088,59654,0,Employed,58522,0,623,0
69,33704,79813,4,Unemployed,21622,0,561,0
46,56114,78596,4,Unemployed,3514,0,572,1
32,50084,54110,3,Self-employed,87230,0,580,1
71,61824,76093,1,Unemployed,37854,1,466,0
49,137044,37081,4,Employed,99627,1,458,0
78,35301,55415,5,Self-employed,23540,0,597,1
26,105156,63971,0,Employed,76686,1,494,1
65,22636,13576,2,Unemployed,41771,0,583,1
59,50051,64054,2,Self-employed,58413,1,440,1
65,117369,38564,4,Employed,33400,1,418,0
46,109574,72882,3,Self-employed,90578,1,409,1
54,88172,89864,5,Employed,53152,1,467,1
32,92351,46716,2,Unemployed,61173,0,622,0
40,106884,54046,2,Self-employed,75076,0,597,1
21,82589,86803,4,Employed,24826,1,464,0
40,100406,96210,4,Employed,99459,1,411,1
65,134836,19584,5,Unemployed,92824,0,529,1
39,112972,30334,1,Employed,71827,1,460,0
72,68399,71752,5,Unemployed,88359,1,453,0
77,44052,40408,0,Self-employed,48264,0,640,1
47,70703,16902,5,Unemployed,44315,1,417,1
72,27309,95778,1,Employed,73690,0,586,1
58,44770,95968,0,Self-employed,53039,1,511,0
33,108102,33706,2,Unemployed,61240,1,457,1
21,100994,34804,5,Self-employed,96428,0,520,0
42,100851,39431,2,Employed,55403,0,615,0
54,75043,40887,0,Employed,53217,1,450,1
54,36929,31814,0,Self-employed,61512,1,477,0
71,131542,99610,2,Self-employed,78172,1,477,1
74,79426,44459,3,Self-employed,3780,0,585,1
49,46568,85791,3,Unemployed,29168,1,472,1
36,142788,6894,0,Unemployed,66303,0,609,1
66,130467,84533,2,Unemployed,29426,1,458,1
33,133298,53058,0,Self-employed,7371,0,632,0
58,37534,71047,5,Employed,34017,1,448,0
69,112981,11740,1,Unemployed,58336,1,462,1
77,97003,77636,2,Self-employed,22552,1,487,1
46,33595,63783,0,Self-employed,8677,1,491,0
74,19045,53669,5,Unemployed,68885,0,516,0
70,77809,52495,3,Self-employed,32356,1,461,0
62,107256,82848,4,Employed,53589,0,598,0
45,101549,63071,2,Employed,82438,1,456,1
54,32676,43485,1,Employed,52894,0,585,1
48,116410,37745,1,Self-employed,20533,0,614,0
31,148193,63029,3,Unemployed,81314,0,548,1
34,20182,25650,1,Unemployed,83609,0,557,0
31,138397,61518,4,Employed,20291,0,586,1
27,15883,61703,3,Employed,68043,1,438,0
33,123136,43749,4,Employed,33152,1,436,1
28,135695,16765,4,Unemployed,47137,0,558,0
39,140167,25654,5,Self-employed,94687,0,573,0
62,39589,45296,2,Unemployed,55476,0,566,1
65,114754,16379,1,Employed,38762,0,647,0
56,99044,59101,4,Self-employed,24544,0,586,1
66,16326,30803,1,Employed,36696,1,483,1
61,129486,73390,2,Employed,90087,1,477,0
21,110116,7682,0,Employed,25134,0,640,1
49,38418,47566,2,Unemployed,5775,1,506,1
26,30055,78148,1,Self-employed,23040,0,597,1
39,123334,23981,1,Self-employed,42355,1,447,1
42,25467,40339,2,Employed,97899,0,585,1
79,98069,52736,5,Employed,89802,0,588,0
25,82534,17499,1,Employed,72351,1,455,1
66,23836,62882,5,Self-employed,53304,0,550,1
41,31189,44197,4,Unemployed,31260,0,540,1
53,144900,49270,5,Unemployed,56192,0,532,1
51,139303,52481,4,Employed,47251,0,569,1
28,144494,87915,1,Employed,30990,0,593,0
72,54442,59985,0,Unemployed,71155,0,564,1
80,40914,34578,2,Employed,63700,0,583,0
59,105564,67015,0,Unemployed,96684,1,431,0
77,119257,1748,3,Employed,91550,1,406,0
32,65121,84400,5,Unemployed,60808,1,463,0
38,133490,34519,3,Employed,87277,1,422,1
80,23509,78548,5,Employed,576,0,548,0
56,120434,19390,2,Employed,68155,1,475,0
49,22541,26641,5,Unemployed,90190,1,429,1
21,127872,26416,4,Unemployed,61710,1,461,1
52,110835,95686,4,Employed,76328,1,453,1
33,42025,83774,3,Self-employed,47180,1,468,0
65,137709,2336,2,Unemployed,42411,1,444,1
32,74672,99591,2,Self-employed,65894,1,456,1
55,66728,55198,2,Self-employed,89325,1,416,0
33,83175,43468,5,Employed,51383,1,416,1
32,77398,47642,0,Self-employed,95408,1,472,1
73,32611,23491,5,Employed,56663,0,537,1
29,117680,13679,4,Employed,70808,0,572,1
34,84270,3955,0,Self-employed,82990,1,496,0
31,136719,49356,0,Employed,59254,1,466,1
43,66680,79397,4,Employed,54985,0,550,1
80,17203,51085,3,Employed,3302,1,494,0
41,37198,85722,4,Employed,94587,0,517,1
25,58223,98101,4,Employed,51216,0,610,0
39,27557,49216,2,Self-employed,75118,0,578,1
76,22001,13076,2,Employed,31866,1,451,0
37,76906,94288,1,Self-employed,4066,0,582,0
79,96105,6295,2,Unemployed,256,0,619,0
40,137197,76702,5,Employed,78170,1,394,0
62,44587,43619,1,Self-employed,78222,1,452,1
26,50130,39974,2,Unemployed,14524,1,489,0
30,122679,55320,4,Unemployed,42106,1,448,1
68,111599,41691,1,Employed,2648,0,622,0
50,94824,92479,1,Employed,67313,1,475,0
36,93677,43897,2,Unemployed,6502,0,628,0
41,89416,41605,4,Self-employed,29982,1,427,1
47,56031,18346,3,Unemployed,42965,1,469,0
80,147333,64016,4,Unemployed,16601,0,611,1
33,22161,10865,0,Unemployed,52251,0,565,1
62,23795,47613,5,Employed,40757,1,398,1
40,85731,77195,0,Self-employed,37196,1,502,1
44,113743,3166,0,Self-employed,72687,0,601,1
38,76355,24429,5,Employed,80569,0,554,1
70,58097,53904,3,Self-employed,22154,1,471,1
23,18015,25107,4,Self-employed,39964,1,414,1
73,64041,9221,5,Unemployed,89660,1,415,1
65,34991,22864,4,Employed,10749,0,613,0
38,59950,3522,5,Unemployed,26073,1,467,0
68,91920,48755,1,Unemployed,81748,0,579,0
43,117731,93936,1,Unemployed,68268,0,639,0
62,15777,85430,3,Unemployed,88456,0,580,0
27,41497,12151,1,Unemployed,75687,1,475,1
43,143036,80374,4,Employed,11139,0,615,1
28,42949,5498,0,Unemployed,99639,1,499,1
48,80145,16769,4,Self-employed,10155,1,450,1
64,116962,81658,4,Employed,92196,0,558,1
21,43327,70548,2,Unemployed,70561,1,470,1
79,118632,55128,1,Employed,12897,0,636,1
74,52393,19006,4,Unemployed,82183,1,437,0
33,34092,57374,4,Unemployed,87672,0,517,0
29,67222,82520,1,Unemployed,60851,0,615,0
28,63927,84510,5,Unemployed,98748,0,512,0
47,16236,59728,4,Unemployed,36736,0,588,1
74,146540,71525,0,Unemployed,83127,1,445,1
49,130035,92330,5,Employed,66397,1,399,1
26,132837,27291,3,Unemployed,60217,0,588,0
29,60569,54227,4,Unemployed,50570,1,441,1
39,58659,67734,5,Self-employed,63832,0,533,1
26,76663,68748,4,Unemployed,26546,1,418,1
73,133716,88260,3,Employed,91814,1,423,0
23,17723,74313,1,Self-employed,68379,0,576,1
74,52239,50369,0,Unemployed,10882,1,501,0
50,80053,80880,0,Self-employed,69897,0,634,0
72,127085,58648,4,Unemployed,76426,0,546,0
42,16018,39182,3,Unemployed,30797,1,481,0
33,73284,42788,3,Self-employed,35896,1,483,1
72,132237,8957,1,Self-employed,25877,0,578,0
40,97305,27281,3,Self-employed,99168,1,458,0
40,80851,60251,5,Employed,79219,0,576,1
43,113457,7077,0,Self-employed,24112,0,619,1
52,128165,89248,2,Unemployed,7017,1,489,0
72,123390,36720,0,Employed,44725,1,513,1
59,148054,99212,5,Employed,35684,0,555,0
39,120471,95397,0,Unemployed,58059,0,580,0
53,94124,16670,5,Self-employed,74716,1,446,0
50,102853,76633,2,Employed,6888,1,497,0
64,116490,19102,2,Unemployed,9782,0,571,1
42,127805,85735,4,Unemployed,73647,1,466,0
57,105341,15578,3,Self-employed,87060,1,454,1
60,35023,1592,0,Unemployed,22918,1,445,1
35,76611,56278,5,Unemployed,90789,0,543,1
51,120879,12165,1,Employed,26571,1,501,1
49,134691,73418,0,Unemployed,53405,0,615,0
68,31309,77782,2,Employed,98555,1,478,1
49,64589,25408,1,Employed,13828,0,596,0
39,109253,5833,2,Employed,68879,0,577,1
79,139192,8376,4,Unemployed,96551,0,524,1
61,58705,23157,1,Unemployed,71429,0,621,0
68,18963,82537,1,Self-employed,36598,1,485,0
25,57058,1112,4,Self-employed,46991,1,466,0
43,34722,17301,3,Employed,50756,1,433,1
54,106086,96376,1,Employed,37869,1,507,1
53,81504,45125,5,Employed,89422,1,381,0
71,80881,75404,3,Self-employed,46108,0,621,0
34,127316,39633,1,Self-employed,76090,1,466,0
38,27685,19031,3,Employed,28202,0,616,0
73,56679,89569,3,Unemployed,42458,0,618,1
38,36045,2195,2,Self-employed,75385,1,430,0
43,39963,73192,3,Unemployed,21222,0,604,0
39,118795,94439,2,Unemployed,21390,1,503,0
68,111346,62350,4,Employed,67326,0,576,0
75,20454,67940,4,Unemployed,78634,0,540,1
28,143970,16341,2,Self-employed,74054,0,620,0
60,140896,5623,0,Employed,48279,0,643,1
29,108999,25200,4,Employed,41613,0,612,0
40,53500,54016,0,Unemployed,13327,1,466,0
46,66379,92756,4,Employed,98128,0,576,1
27,148743,86552,5,Self-employed,84978,1,449,0
67,35449,36580,1,Employed,44408,0,562,1
77,74996,98080,3,Employed,645,0,599,1
46,38657,82671,3,Self-employed,52096,1,459,0
71,28658,17315,5,Employed,30251,1,442,1
71,136394,46060,3,Self-employed,73161,1,475,1
21,91773,60748,3,Self-employed,43371,0,617,1
79,68616,36394,0,Unemployed,46607,1,513,1
31,75126,78987,0,Employed,74756,0,618,1
68,52512,2229,0,Employed,13724,0,609,1
32,93360,68705,3,Self-employed,12031,1,459,1
41,18863,44754,4,Employed,89400,1,414,1
35,61394,84736,4,Self-employed,10069,1,490,0
27,55259,12260,5,Employed,69393,1,453,0
32,75357,87813,2,Unemployed,2188,1,516,1
28,70878,29461,1,Employed,6907,1,465,0
38,148338,96079,5,Employed,60564,0,551,1
34,122511,61262,5,Employed,29987,1,448,1
56,100239,68483,0,Employed,98779,1,490,0
61,108473,31467,1,Employed,35448,1,502,1
66,48869,22840,3,Employed,97264,1,450,1
43,61065,23236,5,Unemployed,92264,1,422,1
75,61018,43027,5,Employed,84697,1,443,1
68,46350,36875,0,Employed,66157,1,509,0
50,63523,73714,3,Self-employed,91279,0,552,1
73,52143,40005,0,Self-employed,51769,0,617,1
38,28903,66925,4,Self-employed,76600,0,576,1
57,34066,40624,4,Unemployed,31132,1,432,0
55,43305,12368,3,Self-employed,42836,0,598,1
67,149118,7669,1,Employed,6023,0,626,0
46,125862,27120,5,Self-employed,41524,0,584,0
49,25164,21910,2,Unemployed,44602,0,569,1
29,65723,14182,1,Self-employed,59728,1,478,1
76,118801,31209,0,Unemployed,42830,1,463,0
66,25805,10676,0,Employed,42667,1,468,1
49,59797,81025,0,Employed,42456,0,590,0
36,75682,36805,2,Self-employed,39332,1,498,0
59,62464,27760,5,Self-employed,97892,0,538,1
76,89297,22495,0,Employed,35827,0,609,1
61,47190,1400,1,Self-employed,64006,1,425,0
55,135284,85551,3,Self-employed,91691,1,442,0
39,113624,25950,4,Self-employed,29834,0,553,0
23,27684,96008,1,Unemployed,21080,1,516,0
26,86057,39071,0,Self-employed,69836,0,640,1
49,61258,20703,0,Employed,2501,1,458,1
26,83391,5280,3,Unemployed,45865,0,547,1
75,37248,44996,4,Employed,91254,0,538,1
75,147737,58524,3,Unemployed,9696,1,511,1
66,75562,92646,5,Employed,29839,0,549,0
36,64124,88474,1,Unemployed,26574,0,637,1
76,83632,4607,2,Unemployed,71250,1,445,1
44,51927,12817,2,Self-employed,12924,1,496,1
27,41823,81242,4,Unemployed,71121,1,449,1
46,40886,27044,0,Unemployed,83558,1,442,1
79,37716,49565,2,Self-employed,96559,1,424,0
56,62827,38115,5,Employed,33778,1,402,0
36,59228,97665,0,Self-employed,63720,0,612,0
55,147412,87453,5,Self-employed,73329,1,418,1
40,146627,92482,2,Unemployed,3599,1,508,0
43,16397,66649,2,Self-employed,34203,1,436,0
40,15407,80683,5,Self-employed,29219,1,418,1
61,84950,6317,4,Employed,77232,1,448,1
69,115909,47117,0,Self-employed,87790,1,483,1
34,97833,97002,1,Employed,98256,1,463,0
69,98556,76573,4,Unemployed,95313,1,427,0
74,22174,89862,2,Self-employed,44462,0,606,1
75,77955,20755,1,Unemployed,55432,1,460,1
44,62953,35578,4,Unemployed,16842,0,609,0
71,98393,91997,3,Unemployed,72581,0,615,0
25,84372,35938,4,Employed,50914,1,432,1
69,94966,5126,4,Employed,20185,1,425,1
75,100959,22349,5,Self-employed,8452,1,432,0
67,130810,70317,5,Employed,51425,0,596,1
56,85674,68530,3,Self-employed,55320,0,592,0
33,129694,81033,1,Unemployed,83330,1,454,0
38,145875,37466,3,Employed,64425,1,487,0
58,121015,46447,5,Unemployed,90747,1,437,0
57,122557,53313,4,Employed,3880,0,557,1
46,28696,43583,2,Unemployed,57618,1,452,1
35,139164,94582,3,Unemployed,16362,0,583,0
23,110028,62165,4,Unemployed,74151,0,553,0
63,91508,89678,0,Self-employed,32757,0,648,0
79,92426,55179,4,Employed,12971,1,459,0
45,71401,63040,3,Unemployed,88954,1,435,0
48,69646,57986,5,Unemployed,56746,1,463,1
32,125060,33693,4,Unemployed,73928,0,601,1
35,114314,45816,5,Unemployed,41862,1,411,1
69,93161,60059,2,Employed,29851,1,432,1
70,133337,85826,1,Unemployed,22654,0,591,0
72,135473,12761,5,Employed,9216,0,587,0
45,105268,59998,2,Self-employed,56824,0,609,0
61,79750,18324,5,Unemployed,57210,0,552,0
69,34997,57586,1,Unemployed,78574,0,624,0
60,96508,73634,0,Unemployed,2643,1,489,1
79,32521,1765,5,Employed,65232,0,545,0
47,16091,40363,2,Unemployed,68212,0,594,1
68,116836,90336,3,Self-employed,11953,1,484,1
74,79140,72627,5,Employed,10303,0,564,1
63,127652,22922,5,Employed,21957,0,603,1
37,57560,64357,0,Employed,84605,1,503,0
71,116634,4534,3,Employed,91628,0,532,1
76,17209,38786,0,Employed,45990,1,508,1
21,131359,85323,3,Employed,75395,0,566,1
60,141244,61863,4,Self-employed,77043,0,576,0
21,83194,82885,3,Unemployed,65307,1,454,0
34,149092,58862,4,Unemployed,15557,0,597,0
58,103460,298,5,Self-employed,65735,1,413,1
49,44730,1639,3,Unemployed,89515,0,537,1
70,125369,66489,4,Self-employed,83178,1,447,0
51,133293,1152,1,Unemployed,37209,1,467,1
55,122039,58573,1,Unemployed,89674,0,600,0
32,47574,7596,1,Self-employed,61027,0,611,0
57,43569,9184,0,Unemployed,28034,0,627,1
30,148749,44470,4,Employed,47673,0,600,1
42,19087,55059,5,Unemployed,70146,0,551,1
23,133986,95874,5,Self-employed,53052,1,417,1
60,77350,2855,2,Self-employed,92093,1,447,0
45,115726,83889,5,Unemployed,45341,0,607,0
80,110765,51631,1,Unemployed,89579,1,498,0
76,125580,9923,1,Employed,70805,0,588,0
32,15705,90725,3,Unemployed,13244,0,593,0
35,106673,38485,2,Employed,68221,0,554,1
57,140956,35198,3,Employed,61556,1,444,0
44,125279,83760,4,Self-employed,86513,0,540,0
31,30299,51929,4,Unemployed,93090,0,528,0
67,67364,57412,1,Employed,93297,1,489,1
52,130975,50905,1,Self-employed,37220,1,467,1
57,68779,24269,3,Unemployed,58292,1,420,1
67,121926,66510,4,Unemployed,52548,1,466,1
35,35958,28959,4,Self-employed,80497,0,587,0
69,130117,96809,0,Self-employed,3179,0,654,0
54,113340,68100,5,Employed,62613,0,594,1
32,23720,70348,0,Unemployed,58572,1,499,1
52,41870,31083,0,Self-employed,76509,0,612,0
23,19664,61455,1,Self-employed,91403,1,454,0
34,25956,5445,0,Employed,81788,0,603,1
46,40507,17451,0,Unemployed,93783,1,463,1
28,127923,9052,2,Self-employed,65225,0,610,1
26,126760,54860,4,Employed,85632,0,548,1
46,51699,58097,5,Employed,80221,0,547,0
44,75691,70222,4,Employed,96638,0,575,0
36,27239,58427,3,Self-employed,77478,0,533,0
63,107134,68678,2,Self-employed,98616,0,604,1
33,94817,67690,5,Self-employed,31118,0,603,1
75,47624,8184,3,Self-employed,71085,0,586,0
48,33440,72379,3,Employed,25405,1,448,0
42,106302,39715,3,Self-employed,2879,0,610,0
32,61173,89249,5,Employed,65255,1,447,0
31,96855,16526,5,Employed,60783,0,579,1
46,28872,61934,5,Self-employed,79234,0,516,0
34,40674,82569,1,Self-employed,50460,1,503,0
78,118607,90732,0,Unemployed,34272,1,509,0
59,139642,4356,3,Unemployed,83360,1,423,0
77,100068,11771,2,Employed,75866,1,475,0
58,24980,69469,3,Employed,2810,0,562,0
73,105253,4486,2,Unemployed,90940,0,538,0
40,21326,71689,2,Employed,17206,1,472,1
80,40013,32995,5,Employed,35015,0,571,1
37,133097,49106,3,Self-employed,48201,1,491,1
29,104026,92262,3,Employed,97576,0,562,1
72,89108,62380,5,Unemployed,6101,1,462,0
41,68661,39810,3,Self-employed,1937,0,612,1
69,125496,73038,2,Employed,17640,1,515,1
59,30839,23758,4,Self-employed,57490,0,535,0
39,91810,59973,1,Unemployed,18173,1,519,0
71,50298,54809,3,Employed,13947,0,569,1
55,142653,30261,1,Employed,39645,1,460,1
48,116052,11416,3,Employed,48485,1,457,0
41,23412,26502,3,Self-employed,69471,0,575,1
40,60078,2005,2,Employed,88236,0,588,0
42,78183,86503,1,Self-employed,73992,0,623,0
21,100943,33084,5,Unemployed,83811,0,544,0
59,102432,80376,3,Unemployed,11509,1,470,0
64,30244,64038,3,Unemployed,56693,1,463,1
43,68250,34602,3,Self-employed,96773,1,441,0
53,39775,63560,3,Employed,16672,0,573,0
26,84491,69282,0,Self-employed,45923,0,637,1
32,16640,47440,0,Employed,81638,1,477,0
28,147582,63168,4,Self-employed,12323,1,494,1
35,116310,30357,2,Employed,10765,0,637,1
28,26426,35833,5,Unemployed,11128,0,589,1
59,75047,71988,0,Self-employed,96240,0,609,0
74,76226,75959,3,Unemployed,82726,0,535,1
78,58493,68102,0,Unemployed,31654,1,510,1
57,90056,17259,1,Unemployed,37588,1,438,0
54,71570,98237,4,Self-employed,34390,1,453,1
74,58895,90977,2,Employed,46789,1,498,1
46,31399,59722,1,Self-employed,42288,1,454,1
57,131469,20399,0,Self-employed,43754,1,490,1
77,106857,43299,3,Self-employed,73092,0,602,1
61,92804,31781,3,Unemployed,36306,1,461,0
57,80879,32142,3,Unemployed,91534,0,567,1
62,22111,86565,4,Employed,69668,0,581,1
43,85673,46283,2,Employed,82711,0,608,0
76,38512,17869,4,Employed,25932,1,482,0
26,67384,55868,0,Unemployed,50643,0,608,0
60,139590,94490,4,Self-employed,43991,0,614,1
53,39238,46263,4,Self-employed,63439,0,550,0
63,59224,30166,3,Employed,5470,1,478,1
60,31620,52487,3,Unemployed,82261,0,597,1
47,104724,83982,3,Employed,25185,1,488,0
49,107331,62802,3,Self-employed,47736,0,565,0
66,144857,60506,4,Unemployed,60811,1,457,1
32,82118,5079,1,Self-employed,55941,1,498,0
29,118441,24537,1,Self-employed,55109,0,578,1
59,42517,58934,0,Unemployed,59801,1,449,0
57,82512,13965,4,Unemployed,53400,1,475,0
80,89636,42636,3,Self-employed,60773,0,613,0
35,35787,30368,1,Employed,18867,1,490,1
46,104195,24084,5,Unemployed,52468,1,414,0
78,127894,4062,2,Unemployed,87018,0,562,1
57,30591,70788,0,Employed,27873,0,650,1
58,73930,42829,1,Employed,27846,0,595,1
42,58828,94827,2,Employed,34920,0,559,1
66,90069,14879,1,Self-employed,88749,0,604,0
78,126289,96337,4,Employed,72072,0,546,1
57,112595,60378,2,Unemployed,5513,0,633,1
60,119234,15395,4,Unemployed,85754,0,550,0
77,56324,14720,5,Self-employed,52118,1,418,1
52,102615,12047,5,Unemployed,47961,1,421,0
45,103331,85706,2,Employed,23184,0,630,1
60,41596,99667,2,Employed,20184,0,575,0
74,87031,35625,5,Unemployed,5225,1,440,1
40,24815,63764,0,Self-employed,76013,1,476,0
41,124653,18088,0,Unemployed,31326,0,626,1
73,22850,4747,3,Employed,8208,1,419,1
28,77630,58953,5,Unemployed,23204,0,546,0
49,15450,61645,5,Employed,88994,0,577,0
80,87848,35995,5,Unemployed,40978,1,436,0
70,130972,53957,4,Employed,4272,1,452,0
53,87256,9069,5,Employed,9031,0,574,1
71,79904,20539,2,Unemployed,64610,0,588,1
66,59698,43387,2,Unemployed,35924,0,629,0
56,33641,38481,3,Unemployed,64453,1,405,1
74,21777,49783,5,Self-employed,50137,0,580,0
69,72439,68206,5,Employed,96959,0,565,0
32,41995,57280,4,Self-employed,71234,1,426,1
21,104595,36681,3,Employed,96848,1,428,1
74,73345,79871,1,Employed,53225,0,632,1
52,79172,23731,5,Self-employed,12084,1,473,1
44,140639,19221,3,Employed,69960,0,556,1
39,41042,48901,5,Employed,18876,0,597,1
75,96143,99404,0,Self-employed,96759,1,495,1
37,114185,11270,0,Unemployed,30009,0,608,0
40,35979,28966,0,Self-employed,16023,1,453,0
34,91924,30410,5,Self-employed,73223,1,427,0
35,87553,5173,5,Employed,26657,1,446,0
46,139884,89576,1,Self-employed,9254,1,529,0
48,30984,63719,5,Unemployed,16966,1,404,1
79,90148,50940,3,Self-employed,81704,0,592,0
41,100609,59680,4,Unemployed,10200,1,429,0
27,96049,68009,1,Unemployed,21518,1,496,0
66,65831,48431,4,Employed,65036,1,473,0
42,42058,62523,0,Unemployed,62219,0,643,0
65,24659,12508,4,Employed,26077,0,611,0
28,49562,21551,0,Self-employed,48589,1,486,0
72,61375,17595,5,Self-employed,57326,0,558,1
51,51252,84375,2,Employed,55764,0,589,1
48,81478,90407,0,Employed,50497,1,499,0
73,27764,56699,2,Self-employed,96801,0,540,1
47,137456,60262,5,Self-employed,80963,1,399,1
56,71391,75422,4,Unemployed,24950,1,468,1
54,113173,18728,2,Unemployed,79604,0,564,1
38,82055,82501,5,Self-employed,42617,1,408,0
54,105224,67150,0,Unemployed,43714,0,648,1
67,84732,91422,2,Self-employed,40439,1,487,1
31,72247,96031,4,Employed,96295,0,586,1
54,119066,12873,1,Employed,46160,1,487,0
68,81312,53168,2,Unemployed,11229,1,455,0
37,46982,35110,0,Unemployed,95755,0,565,0
49,20884,21766,1,Unemployed,15264,1,439,0
48,120410,13486,4,Self-employed,62894,1,425,0
43,115390,1293,0,Employed,52314,0,639,0
76,115575,32526,4,Self-employed,13824,0,604,0
31,115729,25632,2,Employed,93396,1,468,1
27,102472,11261,5,Unemployed,50360,0,563,1
73,50577,29398,4,Self-employed,18355,1,436,1
65,16836,9105,3,Employed,99510,1,426,0
44,132949,97732,2,Self-employed,24958,0,578,0
49,133917,87094,1,Unemployed,4006,0,595,0
31,110387,25197,4,Unemployed,35554,1,468,0
56,139378,9460,4,Unemployed,50072,1,466,0
67,48893,94843,3,Employed,48121,1,477,1
55,59886,15763,0,Self-employed,18551,1,459,1
25,143857,40497,3,Employed,2010,1,458,0
64,50816,53685,0,Employed,91148,0,624,0
78,58862,43146,0,Employed,22518,1,453,0
47,119954,39249,3,Unemployed,41362,1,431,0
32,103782,32641,2,Self-employed,73564,1,449,1
61,103992,56808,4,Unemployed,90330,0,572,0
33,45530,64412,0,Self-employed,47490,1,468,0
46,134483,27659,2,Employed,67345,1,459,0
58,144845,83679,1,Employed,23802,0,601,0
38,97739,97310,2,Employed,76999,0,606,1
63,53402,24944,3,Self-employed,25603,1,425,0
77,49257,12642,1,Unemployed,96144,0,556,0
70,93101,57054,3,Self-employed,80091,0,562,1
37,61697,72140,5,Self-employed,4423,1,462,1
68,126271,46245,4,Employed,43437,1,468,1
67,63060,7766,5,Self-employed,96441,1,385,0
30,131265,55783,2,Unemployed,81736,1,449,0
65,129813,83731,3,Self-employed,5701,0,570,1
35,54414,3261,3,Self-employed,73451,0,538,1
31,134745,57199,4,Self-employed,40775,1,430,1
45,18314,82408,1,Unemployed,61919,1,434,1
67,52180,55614,4,Employed,3609,0,577,1
67,122444,66313,0,Self-employed,80431,0,591,1
79,84788,46727,0,Self-employed,16490,1,499,0
57,29971,25424,3,Self-employed,81414,1,427,0
61,144289,57597,5,Unemployed,82971,0,521,0
51,88361,76728,5,Employed,32241,1,476,1
65,15459,32217,3,Employed,62830,1,425,1
34,105548,68933,3,Self-employed,63572,0,571,1
53,68546,69681,5,Employed,57560,1,466,1
59,70661,57662,1,Self-employed,55478,1,432,1
51,86765,67711,0,Unemployed,53347,0,621,1
73,36719,33064,3,Employed,79326,0,530,0
27,142790,5351,0,Employed,3387,1,508,0
69,143730,53646,5,Unemployed,58800,0,603,1
45,127344,44429,4,Unemployed,33768,0,584,0
32,91487,87408,3,Unemployed,60459,0,610,1
67,119606,17423,0,Unemployed,35735,1,484,0
32,92898,74291,5,Employed,96854,1,452,1
47,64623,77194,3,Self-employed,41005,1,426,1
42,149034,53971,1,Unemployed,94894,1,482,0
24,143947,81789,4,Employed,37264,0,569,0
45,35927,89545,0,Unemployed,67231,0,570,1
36,52408,2894,4,Self-employed,69827,1,423,1
30,102823,3082,4,Employed,41973,0,557,0
50,71972,8114,5,Self-employed,9334,0,548,0
47,122539,13253,5,Employed,20526,0,536,1
44,136504,18985,4,Unemployed,56449,0,541,0
60,125741,76451,1,Unemployed,37829,0,626,1
67,73826,17902,1,Employed,17988,0,598,1
77,34304,64055,2,Unemployed,51473,0,566,1
67,101422,17706,2,Employed,5830,1,445,1
30,80833,18996,5,Employed,18674,1,407,0
49,121397,92327,2,Self-employed,73863,1,465,0
55,20205,34434,1,Self-employed,70126,1,438,0
58,149543,54391,2,Unemployed,14377,1,469,0
50,37715,82903,4,Unemployed,3655,0,550,0
35,123618,4973,2,Self-employed,3948,0,644,0
73,111768,61472,0,Employed,87949,1,501,0
80,109742,18088,3,Unemployed,73397,1,422,1
46,81227,21783,3,Unemployed,22102,0,567,0
63,87872,84350,0,Self-employed,30513,0,632,0
29,77790,34389,5,Unemployed,59262,0,522,1
75,126246,92884,4,Unemployed,49155,1,437,0
46,51933,52872,3,Self-employed,96868,1,401,0
42,38799,35967,2,Unemployed,80294,0,558,1
50,69011,22093,5,Employed,2205,1,462,0
57,105036,38109,0,Self-employed,36933,0,656,0
45,76676,99219,4,Employed,53215,1,481,0
47,120402,69034,4,Unemployed,20663,1,487,1
58,20586,5341,3,Employed,39719,1,487,0
22,78637,73275,5,Employed,41367,1,416,0
53,17529,91905,4,Employed,31021,1,453,1
60,105585,36031,0,Self-employed,89666,1,485,0
37,116444,75545,0,Self-employed,68867,0,593,1
57,136150,38119,0,Self-employed,67753,1,481,1
33,104130,37418,5,Employed,20788,1,454,0
69,142333,1735,4,Unemployed,51693,0,612,1
74,82710,1507,1,Employed,60486,1,436,1
73,103682,66764,5,Employed,23061,1,483,0
76,17274,82323,2,Unemployed,21978,0,575,1
54,25036,71719,2,Self-employed,52596,1,440,1
22,65278,81644,1,Employed,39512,0,601,0
69,95437,61256,5,Employed,81747,1,396,0
36,45215,52362,4,Self-employed,57751,0,563,0
24,83835,11238,4,Unemployed,25003,0,596,1
63,66981,66697,0,Unemployed,73497,0,636,0
34,128855,33206,2,Employed,27074,1,483,1
67,90122,20070,2,Self-employed,20313,0,604,1
70,34189,85356,3,Employed,60003,1,420,1
34,90338,17485,5,Self-employed,52854,1,452,1
37,120162,69499,2,Employed,22485,0,602,1
34,129065,20033,1,Employed,89398,1,468,1
24,103054,8362,0,Unemployed,95335,0,565,1
22,50535,64899,0,Self-employed,72378,0,627,0
43,132189,90252,5,Unemployed,15012,0,602,0
70,65426,81056,5,Self-employed,45837,1,427,1
62,48827,84781,4,Unemployed,32736,1,487,1
42,94138,41450,1,Self-employed,99575,1,485,0
26,48923,72436,2,Self-employed,84007,0,605,1
43,90537,77242,5,Self-employed,12343,0,616,0
25,119100,62315,1,Unemployed,92564,0,601,0
66,28589,37667,3,Self-employed,96045,0,551,0
78,60099,30864,2,Employed,28192,1,454,1
71,84143,74970,2,Self-employed,63166,0,622,1
65,114122,76461,3,Self-employed,80382,1,432,0
23,82134,15141,0,Self-employed,11392,1,479,0
50,100079,11251,5,Self-employed,41722,1,416,0
36,63629,11230,0,Self-employed,49544,1,514,0
45,97670,73829,3,Unemployed,62148,0,600,0
54,59542,59453,0,Unemployed,37899,0,576,1
80,118243,92971,1,Employed,56503,1,449,0
22,26241,30872,3,Employed,4005,0,607,1
51,43719,65449,0,Employed,91450,0,579,0
50,94164,92941,0,Unemployed,73040,1,492,1
55,126483,57387,5,Employed,49776,0,539,1
58,122134,54745,2,Unemployed,72430,1,428,1
79,60018,97031,3,Self-employed,36686,0,626,1
66,105845,84460,1,Unemployed,12887,0,623,1
22,96637,66868,1,Employed,80512,1,433,1
26,56099,55221,1,Employed,33205,1,487,0
44,133434,48401,1,Unemployed,29402,1,462,1
56,144298,22850,4,Self-employed,51852,0,549,0
64,27592,73530,3,Unemployed,50777,0,587,1
53,107708,55548,4,Unemployed,79045,1,468,1
59,134785,35613,2,Unemployed,76079,0,554,0
70,108867,60262,4,Unemployed,82813,0,596,1
75,76082,2423,1,Self-employed,39720,0,567,0
38,52599,61297,4,Unemployed,8763,0,566,0
44,98917,45822,0,Self-employed,17849,1,488,0
22,45669,29861,2,Employed,69370,0,617,0
28,29309,92401,2,Self-employed,82033,0,564,1
52,142309,45233,1,Unemployed,94103,0,589,1
74,33566,77022,4,Employed,69466,0,565,0
27,54685,21887,5,Unemployed,38110,1,470,1
47,50196,97044,4,Self-employed,70918,0,553,1
61,43845,83300,1,Employed,24441,0,575,0
22,66915,47105,5,Employed,70124,1,405,1
35,43454,66029,0,Self-employed,85684,1,503,0
73,94114,53849,5,Employed,51636,1,434,0
79,141563,2967,1,Unemployed,6548,0,655,1
50,88364,47973,3,Self-employed,72786,1,409,1
73,122058,72385,2,Self-employed,56812,1,492,1
31,133719,61212,3,Self-employed,7625,1,452,0
55,101100,78358,4,Employed,16039,1,465,0
60,115118,41052,1,Employed,19013,1,451,1
24,60332,89364,4,Employed,6353,0,568,1
77,18839,24505,2,Employed,89849,0,588,1
48,37039,39557,0,Employed,37580,0,590,1
37,58060,39228,5,Unemployed,66590,1,426,0
45,77358,91812,5,Employed,33836,1,432,1
44,88963,75718,4,Unemployed,72238,0,532,0
77,90421,581,5,Employed,96738,0,567,0
39,126626,58333,4,Self-employed,79811,1,470,1
34,91168,88883,0,Self-employed,51050,1,511,1
78,118645,2707,5,Employed,70386,1,401,1
49,62733,38147,2,Employed,25863,0,588,0
46,147091,61442,4,Self-employed,54375,0,549,1
68,28793,53662,4,Employed,56497,0,578,1
27,109514,54656,4,Employed,55084,0,542,0
80,19254,49704,0,Employed,49512,0,571,1
80,111450,5892,4,Employed,12370,0,565,0
44,146059,41668,1,Self-employed,55521,1,484,1
27,66720,59766,1,Employed,31219,0,601,0
71,128596,29172,3,Unemployed,30724,1,465,1
50,22114,71183,3,Employed,14168,1,437,1
32,64301,81847,2,Self-employed,53923,0,567,0
57,41156,98465,4,Self-employed,81670,1,425,0
76,27622,88849,2,Unemployed,44106,0,625,1
24,138456,51691,0,Unemployed,87995,1,451,0
49,92433,8857,1,Unemployed,94572,1,435,0
79,126647,55302,2,Unemployed,88451,1,438,0
80,63754,56857,3,Employed,8962,1,447,0
35,72246,33976,2,Self-employed,5803,0,591,1
67,77639,15361,2,Unemployed,27877,0,568,1
76,42631,66711,3,Unemployed,26458,0,578,0
35,50979,4674,3,Employed,71970,0,607,0
23,46472,83393,3,Self-employed,24094,0,601,0
45,122612,47756,1,Self-employed,54481,1,456,0
33,137095,88373,1,Employed,56768,1,448,1
54,147498,34531,5,Unemployed,72441,0,569,1
80,131610,64070,1,Employed,47217,0,638,0
46,91423,13200,3,Self-employed,96419,0,579,0
37,116896,11425,0,Self-employed,62497,0,586,0
57,146868,53571,1,Self-employed,87617,1,441,1
65,74273,17219,4,Unemployed,23327,0,619,0
80,62032,77857,4,Employed,75148,1,456,1
41,115755,22554,4,Employed,75167,0,582,0
76,61309,68181,1,Unemployed,47344,0,575,1
60,40069,65545,3,Unemployed,30022,0,574,0
67,116258,25982,0,Employed,99540,1,465,1
40,43839,29307,4,Employed,70903,0,530,0
78,144311,84719,1,Unemployed,97444,0,619,0
27,77909,31749,1,Unemployed,14343,0,619,0
26,27117,60006,5,Unemployed,46414,1,439,1
76,130173,7807,1,Employed,57193,1,478,0
70,67568,28627,1,Self-employed,67344,1,463,1
68,70845,2452,4,Employed,11128,1,457,1
22,67700,54308,5,Unemployed,83579,0,530,0
65,135835,84818,0,Employed,62459,0,648,0
51,15430,16679,2,Self-employed,45330,0,571,0
21,53372,49607,1,Unemployed,79383,1,452,1
28,54808,7494,1,Employed,32863,1,506,0
34,22151,17410,2,Self-employed,52132,0,586,1
33,135747,94478,0,Employed,16196,0,616,1
39,104133,10810,5,Self-employed,46556,0,572,0
80,99700,8822,2,Employed,93228,0,577,0
64,56829,12057,3,Employed,26241,1,417,0
65,50492,85885,3,Employed,22205,0,625,0
42,30668,1673,3,Employed,66800,0,606,0
60,61528,43924,5,Self-employed,55044,0,565,0
24,17812,33289,5,Unemployed,99326,1,421,1
69,136113,12166,4,Unemployed,29789,1,443,1
80,80309,50704,0,Unemployed,98532,0,611,1
30,67969,74784,3,Self-employed,74840,0,608,0
61,88335,45205,3,Self-employed,10751,1,495,1
70,136202,70124,4,Employed,28193,1,494,1
23,110244,3067,2,Unemployed,90667,1,481,1
41,79593,74546,3,Employed,17714,1,451,1
55,15217,4168,3,Unemployed,50374,0,557,1
72,37499,89193,4,Unemployed,44421,1,457,0
54,76593,78764,5,Employed,4205,0,582,0
29,90419,51015,2,Employed,31927,1,469,1
28,65997,98206,0,Unemployed,72645,0,572,1
73,80327,31900,5,Self-employed,76665,1,398,1
53,102233,23808,1,Employed,86495,0,555,0
30,55404,93804,3,Unemployed,68659,1,412,0
44,104384,85260,0,Self-employed,26476,1,470,1
24,36341,37212,0,Unemployed,50973,0,602,0
50,138664,87896,4,Self-employed,98172,1,451,0
30,100855,48550,1,Employed,74647,1,504,1
50,115828,78298,5,Employed,44877,0,609,0
71,37455,85935,4,Self-employed,25960,0,559,0
27,20953,93947,4,Self-employed,49815,0,555,1
66,90830,13436,5,Employed,80534,1,446,0
23,77273,80835,2,Employed,61549,0,556,0
43,86948,21601,4,Employed,51109,0,572,1
38,108163,46254,5,Self-employed,58324,1,395,0
25,33598,66578,0,Unemployed,36553,0,631,0
72,88235,180,5,Unemployed,96696,0,536,1
64,100285,65896,5,Employed,48483,0,538,1
63,90284,82267,4,Unemployed,74087,1,469,1
48,94274,46205,0,Unemployed,42517,1,483,0
56,40790,51912,0,Employed,3904,0,650,1
25,42099,27039,0,Unemployed,66905,1,476,0
37,134064,8440,5,Self-employed,26139,0,552,1
43,100231,44076,5,Unemployed,47650,0,547,0
77,126299,62145,2,Unemployed,36181,1,465,1
62,87908,88688,5,Unemployed,96096,0,516,1
52,118494,79686,2,Self-employed,78305,0,558,1
28,134437,32966,2,Self-employed,53084,1,449,1
53,77555,72076,1,Self-employed,51853,0,563,0
61,18239,42674,0,Self-employed,20340,1,515,1
32,93833,42024,3,Unemployed,45733,1,457,1
51,69122,50323,3,Employed,77711,0,573,0
61,36084,93867,1,Employed,26173,1,450,1
43,139724,4250,5,Employed,35621,1,454,0
64,133907,78065,1,Employed,20072,0,604,1
68,79952,83698,3,Self-employed,58170,0,600,1
67,51937,96892,5,Self-employed,49952,1,453,1
46,104892,75015,2,Unemployed,21916,0,568,0
31,118172,70875,4,Self-employed,13882,0,609,1
22,46118,90543,4,Employed,93643,0,558,1
62,128058,42542,4,Unemployed,68832,0,597,1
74,119442,26421,2,Employed,94267,0,615,0
40,133879,57874,1,Self-employed,65966,1,457,0
52,23223,92370,4,Unemployed,69962,0,539,1
45,51598,19335,0,Unemployed,57888,0,597,0
61,21900,51503,0,Self-employed,44140,0,602,1
72,64846,99262,3,Employed,22844,0,624,1
31,101404,52181,3,Unemployed,71523,1,412,1
63,54519,43799,5,Employed,8993,0,594,1
79,120923,60897,1,Employed,73303,1,437,1
44,134342,26752,0,Unemployed,12692,1,466,1
46,118063,32439,2,Self-employed,49639,0,567,1
65,116636,23614,3,Unemployed,34627,0,577,0
58,77719,96283,2,Employed,53928,1,435,0
32,96196,82672,1,Employed,98230,1,497,0
74,120837,75263,3,Unemployed,86437,1,475,0
74,96164,48926,3,Unemployed,65780,1,484,0
77,87330,39620,3,Employed,46521,0,623,0
23,19469,14190,1,Unemployed,69743,1,485,0
70,39595,95480,5,Self-employed,71175,1,419,1
28,34911,23193,2,Unemployed,44113,0,584,1
66,20270,38522,4,Employed,26718,0,544,1
38,47126,74307,2,Unemployed,31221,0,594,1
21,123091,11400,5,Self-employed,60337,0,529,0
68,29606,94904,0,Employed,93642,0,618,0
79,109614,89532,4,Unemployed,58770,1,476,1
51,84053,21177,5,Self-employed,69992,0,559,1
69,116823,51201,0,Employed,96483,0,577,0
62,146749,28106,2,Employed,43235,1,450,1
32,69625,15399,4,Employed,152,1,427,1
31,105398,77323,2,Self-employed,19882,1,484,1
42,101021,72100,4,Unemployed,29967,0,550,1
58,20691,42727,3,Employed,25183,0,609,0
38,60192,62806,0,Unemployed,20179,1,455,1
79,44056,32143,1,Employed,95855,1,475,1
59,108997,40689,1,Unemployed,5528,0,610,0
57,46416,20819,3,Unemployed,8869,1,495,0
39,24319,76806,0,Unemployed,79219,1,473,1
37,105956,3517,4,Self-employed,80598,1,409,0
49,50059,64805,1,Unemployed,7359,1,488,1
43,17642,65258,1,Self-employed,97007,0,619,1
51,85539,84651,4,Employed,33595,0,614,0
22,69833,42357,4,Self-employed,59417,0,562,1
33,78815,90500,3,Employed,67619,0,559,1
39,144646,7784,1,Employed,94645,0,598,1
41,45635,13809,3,Unemployed,16800,1,424,1
56,100583,54440,1,Self-employed,35513,0,574,0
61,97089,49863,1,Unemployed,98469,0,565,0
22,128283,67974,1,Employed,54097,0,583,1
55,130225,73561,4,Self-employed,38617,1,468,0
68,138163,92209,1,Unemployed,77845,1,439,1
46,123250,27129,0,Employed,18367,0,593,1
63,36628,39902,4,Employed,59176,0,578,1
26,139585,10724,5,Employed,10542,0,577,1
61,27110,9913,2,Unemployed,35490,1,467,1
71,105636,78564,5,Self-employed,78635,1,388,0
63,78264,68950,1,Unemployed,25335,1,518,1
79,53505,78919,3,Unemployed,9396,0,621,0
39,100513,20285,3,Employed,94941,1,425,0
49,55557,60937,3,Employed,14945,1,452,1
22,147653,64211,4,Self-employed,11863,1,439,1
46,119312,51636,2,Employed,70757,1,473,1
65,80146,85685,5,Unemployed,80892,0,546,1
69,109959,91615,5,Self-employed,77827,0,539,1
40,47469,13304,4,Employed,13186,0,615,0
31,17101,2953,0,Unemployed,77714,1,486,1
52,36373,14072,4,Self-employed,99089,1,423,1
24,141902,93258,2,Unemployed,18147,0,593,0
61,102098,39569,3,Self-employed,53707,0,580,0
27,32229,87149,2,Unemployed,83228,1,482,1
32,133352,6365,4,Employed,86431,0,538,0
25,75771,75692,3,Unemployed,1159,1,497,1
27,75877,14053,3,Self-employed,39661,1,471,0
77,72233,5715,1,Unemployed,48335,1,441,0
33,88592,54085,4,Self-employed,7171,0,551,1
23,115868,73276,2,Employed,58996,0,579,0
58,19905,1510,5,Unemployed,6941,1,450,0
76,26362,58236,2,Self-employed,29284,1,449,0
65,137045,7362,4,Employed,60404,1,477,0
51,52330,6547,2,Employed,80541,0,549,0
59,29695,30164,0,Employed,98937,1,494,0
50,27292,88174,4,Self-employed,27611,1,485,1
65,116227,87457,5,Unemployed,22455,1,484,1
54,143859,93661,3,Employed,96617,0,542,0
79,31213,84445,2,Self-employed,59407,0,577,1
55,83254,79612,4,Employed,26497,1,456,1
76,110358,84161,1,Unemployed,62321,1,482,1
32,82842,14989,0,Self-employed,14142,1,490,0
56,87745,47132,3,Self-employed,46233,0,557,1
77,39487,3560,2,Unemployed,85116,0,606,0
65,28143,58769,4,Self-employed,84845,1,388,1
25,108582,88662,0,Employed,44554,1,504,0
44,56135,22391,2,Employed,50240,0,602,0
74,18720,69350,4,Employed,58798,1,466,1
50,124851,38622,2,Unemployed,82672,1,493,1
60,79756,41085,0,Employed,81661,0,592,0
34,36856,93643,0,Unemployed,5642,1,462,1
48,75126,16153,0,Employed,38354,0,586,1
75,60947,8583,3,Self-employed,73888,1,458,1
26,57701,53241,2,Employed,74806,1,461,0
29,48961,18159,1,Employed,70036,1,442,0
74,40109,66941,2,Unemployed,50418,1,493,1
65,53019,88036,5,Employed,14782,0,554,1
55,106916,45345,1,Employed,35001,1,474,1
40,120318,75019,0,Employed,39417,1,472,0
36,102482,74980,0,Unemployed,47705,1,453,0
49,52560,67109,5,Unemployed,11169,0,587,1
50,72263,46332,2,Employed,23990,0,586,1
58,28490,60467,1,Unemployed,22199,0,626,1
50,49795,92359,0,Self-employed,58917,1,502,1
59,130834,24449,2,Employed,41989,0,610,1
47,20138,37569,3,Unemployed,64747,0,543,1
24,31508,29271,0,Unemployed,99209,1,466,0
39,145177,77584,2,Unemployed,36698,0,620,1
70,109184,38519,1,Employed,46452,1,461,0
60,121146,63993,0,Employed,19685,1,460,1
76,15530,10291,5,Self-employed,9183,0,542,1
49,47380,71881,0,Self-employed,63903,1,465,0
66,61390,1598,0,Unemployed,49973,1,508,0
56,149294,17720,3,Self-employed,54764,0,623,0
31,19382,56112,5,Self-employed,70449,1,449,0
51,82294,91530,0,Employed,14212,0,648,1
26,33068,25591,3,Self-employed,82378,0,604,0
54,90093,68213,1,Self-employed,19090,1,495,1
67,139652,6467,3,Unemployed,85831,0,593,0
72,38181,22224,5,Employed,13971,0,602,1
41,114160,31364,1,Unemployed,68549,1,444,1
27,82021,80538,5,Self-employed,76384,0,584,1
51,138777,63680,1,Employed,97578,0,613,1
24,52625,80557,2,Unemployed,41173,1,504,1
29,64831,89382,2,Self-employed,7718,0,612,1
35,96101,23664,0,Employed,13323,0,640,0
23,87928,9486,3,Employed,68058,0,546,1
23,43605,19154,5,Self-employed,52075,1,452,0
38,107189,34910,0,Employed,76210,1,454,0
49,30441,14397,3,Self-employed,44280,1,446,1
67,117425,47941,0,Unemployed,30188,0,592,0
66,121107,18107,1,Self-employed,44256,0,582,1
52,71202,24096,5,Self-employed,65333,0,552,0
37,122120,28104,0,Employed,66823,0,604,1
35,97822,149,4,Self-employed,16373,0,551,0
26,81034,92146,4,Self-employed,73225,1,469,1
75,125995,88350,2,Unemployed,74327,1,447,1
28,68449,71806,5,Unemployed,88032,1,433,1
31,143774,88747,4,Unemployed,76489,0,605,1
72,15285,79541,1,Unemployed,22248,0,605,0
21,131421,96462,0,Unemployed,52492,0,591,1
71,72373,42106,1,Employed,74315,1,474,0
21,135232,32026,5,Self-employed,37928,1,432,0
34,96598,26067,1,Employed,89621,0,586,0
31,120861,86269,0,Unemployed,39276,0,637,1
50,56981,19387,0,Employed,82456,1,442,0
50,16350,85149,5,Unemployed,22272,1,427,0
56,45790,43544,0,Self-employed,66682,1,448,0
47,62129,30481,4,Self-employed,64215,0,602,1
21,65543,5237,0,Employed,52394,0,572,1
31,19519,87788,2,Unemployed,30498,0,566,0
38,96146,70027,3,Self-employed,2196,1,486,1
73,51121,8753,4,Self-employed,62221,1,411,1
51,52491,41712,5,Employed,95089,1,439,0
34,27037,30521,0,Self-employed,49690,1,460,0
21,133651,11382,3,Self-employed,58312,1,444,1
50,76359,76210,0,Employed,44097,1,451,0
57,15661,61951,4,Employed,65236,1,420,1
61,131254,94351,5,Unemployed,51677,1,467,1
46,70698,29551,0,Self-employed,25510,0,655,1
24,47848,25308,0,Unemployed,93755,1,489,1
73,50861,2641,2,Employed,63622,0,607,1
31,37977,55653,0,Unemployed,13235,1,500,1
50,75098,29904,5,Employed,45362,1,470,0
21,41336,27441,2,Employed,59799,1,444,0
69,57078,6346,4,Self-employed,98420,1,441,1
28,67562,82358,0,Unemployed,35517,0,596,1
34,43327,65959,1,Unemployed,61936,1,441,1
39,28898,62104,2,Unemployed,6127,1,492,0
28,117270,4932,4,Unemployed,54029,0,589,1
30,132694,15237,3,Self-employed,38942,1,462,0
66,15226,74685,3,Employed,5365,1,454,1
76,118039,27689,5,Self-employed,3386,0,614,1
52,39132,62536,1,Employed,43955,1,436,0
32,87916,40582,3,Unemployed,33439,1,424,0
52,34471,41172,5,Employed,47046,0,596,1
51,30197,81321,5,Self-employed,79381,1,399,1
77,78521,61438,2,Unemployed,49322,0,594,1
44,103225,89989,5,Employed,10415,0,547,0
46,52623,73566,4,Employed,46929,1,427,0
68,75932,29773,2,Employed,3488,0,608,0
21,127228,68699,5,Unemployed,42542,1,414,0
75,113433,1676,2,Unemployed,44541,0,629,0
52,46084,25147,0,Unemployed,47747,0,628,0
58,84668,93465,5,Employed,31196,1,404,1
27,87043,99431,4,Unemployed,83323,0,544,1
33,33624,52350,1,Unemployed,45239,1,439,0
47,63078,19593,1,Employed,58833,1,505,1
61,88702,59198,3,Unemployed,22564,1,425,1
76,37788,16656,2,Unemployed,19904,1,435,0
47,17412,64826,3,Employed,51024,1,473,1
60,68588,47186,5,Unemployed,60933,1,413,0
67,40720,46209,1,Self-employed,50418,1,470,0
34,50951,4078,2,Unemployed,65397,0,543,1
35,96298,66947,4,Unemployed,36027,1,462,0
78,42100,13817,4,Self-employed,52782,1,434,0
24,147916,40127,1,Unemployed,16043,0,612,0
47,38781,29705,0,Unemployed,44518,0,613,0
21,56818,45334,2,Unemployed,39750,1,471,0
55,64970,64949,2,Self-employed,60707,0,566,0
21,104864,72382,2,Unemployed,30904,0,632,0
31,16020,10940,3,Unemployed,57792,1,416,0
50,111813,15160,1,Unemployed,70437,1,494,1
31,69121,66791,4,Unemployed,22270,1,455,1
26,35623,64464,3,Unemployed,92244,0,563,1
24,95712,85986,1,Employed,53410,0,643,0
22,146909,30838,4,Unemployed,81558,0,543,0
61,67802,60270,2,Employed,94724,0,573,1
34,108032,75679,5,Unemployed,57273,1,444,1
71,119918,29981,2,Employed,88011,1,429,1
69,95502,51362,5,Unemployed,73266,0,526,0
33,81039,10647,5,Employed,71229,0,540,1
54,28578,93069,0,Self-employed,52541,1,468,1
42,132003,24292,0,Employed,59772,1,465,0
24,28605,80210,5,Self-employed,42719,1,464,1
31,52923,5033,5,Unemployed,98603,1,398,0
35,45788,78054,1,Employed,6122,0,624,0
55,66551,47051,5,Employed,1283,0,540,0
56,34470,31021,3,Employed,48888,0,617,1
49,123829,60094,3,Unemployed,91398,0,538,1
73,56982,30606,2,Employed,46055,0,556,0
22,74850,89170,3,Self-employed,54576,0,612,1
71,149208,6868,5,Self-employed,32896,1,459,1
25,36176,43,5,Employed,68651,0,566,1
66,19779,16639,4,Unemployed,45597,0,559,1
59,111148,14309,0,Employed,79413,1,462,0
22,98976,87049,1,Self-employed,56933,0,603,1
39,136027,10489,0,Employed,47761,1,468,0
43,63412,7898,5,Unemployed,37016,0,600,0
73,127588,20893,2,Self-employed,3302,1,512,1
64,35957,56142,2,Unemployed,79086,1,441,0
73,134108,67723,4,Employed,47034,1,442,1
56,49979,17422,0,Employed,39442,0,605,1
75,122768,75569,1,Employed,12711,1,457,0
25,82200,58647,1,Employed,3355,1,489,0
23,76284,44264,0,Employed,51859,0,620,0
25,18365,37729,2,Self-employed,24165,0,616,0
34,83086,6230,0,Unemployed,27645,0,621,1
66,113760,27496,3,Unemployed,10975,0,628,1
79,99212,11663,3,Self-employed,41752,1,430,1
67,127933,61941,1,Unemployed,61120,0,579,0
79,27869,81507,1,Self-employed,34388,0,573,0
66,29292,16280,3,Self-employed,32769,0,582,0
65,135480,98342,2,Unemployed,59526,0,623,1
63,49615,30415,3,Unemployed,34179,0,595,0
29,102923,47537,2,Unemployed,67807,0,571,1
63,19350,50897,2,Self-employed,9620,1,510,0
75,49808,34628,1,Employed,65943,1,441,1
52,134169,20972,5,Unemployed,55004,0,577,1
21,60404,27833,4,Self-employed,71444,0,553,0
43,87641,4837,2,Self-employed,36331,0,573,0
52,117326,24978,1,Unemployed,1082,0,615,1
67,76412,54343,2,Employed,81833,0,606,1
24,87907,88481,3,Unemployed,44070,1,492,0
77,114487,86856,0,Unemployed,71694,1,500,0
57,54146,42189,3,Unemployed,26885,1,425,1
77,71624,78610,4,Unemployed,11397,1,476,0
23,55902,68967,5,Unemployed,92909,0,548,1
30,81699,65559,4,Employed,97597,0,565,1
54,15762,8727,0,Unemployed,36300,0,621,0
26,52355,6002,4,Unemployed,68540,0,527,0
57,35430,87053,0,Employed,14769,0,655,0
64,47738,61778,2,Self-employed,88435,0,604,0
55,124428,14633,3,Self-employed,49255,1,461,0
78,64548,83495,1,Employed,70361,0,571,1
76,68462,52827,4,Self-employed,62148,1,407,1
74,110981,39809,1,Employed,99789,0,611,0
43,87090,3676,2,Unemployed,99047,1,427,0
59,89302,77498,2,Employed,98847,1,420,0
22,45198,68940,2,Employed,37092,0,578,1
57,42897,45697,3,Unemployed,12187,0,555,0
33,63152,52564,2,Self-employed,66793,0,591,0
26,149819,73812,3,Employed,34992,1,463,1
22,98027,91526,1,Unemployed,47982,0,632,1
58,37230,56739,5,Unemployed,43685,0,524,0
50,135902,98495,3,Unemployed,51995,1,458,0
64,104977,72010,0,Employed,50523,1,502,0
42,114496,78319,2,Self-employed,78891,1,492,1
65,105840,61715,2,Unemployed,55877,1,497,0
51,44298,24763,0,Self-employed,6568,0,594,0
80,86074,4994,2,Unemployed,22646,1,449,0
38,138556,89653,0,Unemployed,51547,1,509,1
63,129271,75995,2,Employed,79335,0,567,1
47,103497,2837,2,Employed,86206,1,486,0
39,134892,14948,2,Unemployed,66114,1,455,0
53,49103,51474,4,Employed,50566,1,431,1
76,139013,86889,0,Self-employed,15560,1,482,1
25,36432,11581,3,Employed,42614,1,476,1
27,58013,25953,1,Self-employed,42737,1,440,1
41,17948,76133,5,Employed,38909,1,397,1
30,108173,1532,2,Unemployed,50272,0,629,1
68,86718,51113,5,Employed,27312,0,583,1
74,149738,31985,4,Employed,54854,1,457,1
67,117757,22188,1,Self-employed,96049,1,438,1
56,36538,53791,3,Employed,46243,0,578,0
68,138447,70392,1,Unemployed,32337,0,641,0
53,61639,72398,3,Self-employed,81573,0,564,0
70,39483,4786,5,Self-employed,68012,1,457,1
29,121166,68968,1,Unemployed,73287,1,495,0
37,93107,64434,1,Self-employed,78990,1,430,1
54,113181,88091,1,Unemployed,25000,1,465,1
66,85545,70107,0,Unemployed,23646,1,457,0
54,50026,69251,4,Self-employed,72770,0,588,1
50,53587,38975,0,Self-employed,73706,0,588,0
40,132070,57406,0,Self-employed,1150,1,528,0
56,72779,77440,3,Employed,71243,1,435,0
41,134157,18677,2,Employed,69656,0,560,1
71,116344,58066,0,Unemployed,18416,0,593,0
28,87792,71244,5,Employed,70090,1,391,1
48,49074,73740,3,Employed,59919,1,438,0
72,108539,47975,3,Employed,16327,1,469,0
76,66596,92801,3,Unemployed,87134,0,609,0
24,99004,36350,1,Unemployed,14907,0,646,1
68,116459,84765,0,Unemployed,45504,0,649,1
68,60361,69340,3,Employed,23585,0,588,1
51,62402,6722,4,Self-employed,45808,1,402,0
52,84097,7570,2,Unemployed,49454,1,491,0
76,102771,48556,5,Employed,73940,0,547,1
51,45580,30325,2,Unemployed,27731,1,497,1
80,126467,90920,4,Employed,26200,1,448,1
78,118983,96078,2,Employed,43757,1,482,1
80,52578,92185,5,Unemployed,94344,1,452,1
24,58287,38923,2,Employed,91882,1,485,1
43,139775,72187,2,Employed,40512,1,482,0
41,44235,87654,0,Self-employed,47823,0,574,1
76,57127,32657,0,Self-employed,6267,0,598,0
76,109732,52168,3,Self-employed,88572,0,604,0
24,136198,5116,2,Employed,76920,1,428,1
73,97880,74634,4,Employed,97993,0,591,1
46,24005,24187,1,Unemployed,10706,1,464,0
28,125585,67890,4,Employed,8050,1,499,1
40,128740,89731,3,Self-employed,93118,1,408,1
54,85541,53987,1,Employed,4409,0,621,0
55,45515,46384,5,Employed,2177,0,553,0
38,24767,73928,5,Self-employed,72716,1,434,0
51,90857,36891,2,Unemployed,73182,0,578,1
76,86548,2865,5,Self-employed,57467,0,525,0
68,66194,99521,1,Employed,53787,0,637,1
27,32690,1967,2,Unemployed,22232,0,603,0
48,108969,33448,1,Unemployed,68963,0,619,0
65,133607,31246,2,Unemployed,70058,0,623,0
43,99979,60564,1,Unemployed,93114,0,615,1
65,120014,70326,0,Employed,73460,1,480,1
30,91513,84405,2,Employed,80745,0,593,0
27,126816,54660,3,Employed,40967,0,627,0
54,40281,11433,3,Unemployed,30778,0,576,0
49,48289,56793,1,Employed,70627,0,596,1
79,107881,47704,2,Unemployed,88892,1,478,0
54,119047,18202,5,Employed,67441,0,549,1
47,98740,45727,1,Employed,50725,0,614,0
63,45776,27211,3,Employed,3076,1,478,0
79,87646,18333,0,Self-employed,92132,0,632,0
54,140596,57084,5,Employed,68737,1,441,0
37,56977,74009,3,Employed,49394,0,552,0
37,48632,61298,3,Employed,51384,0,593,0
38,119819,38273,0,Employed,76624,0,618,1
59,127451,55171,2,Employed,83030,0,565,0
23,135120,53764,4,Self-employed,53516,1,465,1
36,31424,34747,2,Employed,26108,0,596,0
28,48423,83649,4,Unemployed,17297,0,554,0
72,48261,66503,3,Self-employed,44242,1,464,1
52,66257,33802,4,Unemployed,41241,0,579,0
33,52206,40603,5,Employed,92583,1,425,1
48,95407,49738,5,Self-employed,86166,1,388,1
58,39543,82106,3,Unemployed,93150,0,592,0
54,82108,72376,3,Unemployed,64624,1,445,1
28,62384,55941,5,Employed,21643,0,541,1
34,80997,69403,0,Self-employed,5059,0,658,0
38,140314,82623,4,Unemployed,26505,0,555,1
34,97889,550,2,Employed,75472,0,550,0
41,29643,90630,1,Unemployed,46448,1,463,0
59,35716,55876,4,Self-employed,18343,0,558,0
40,119005,61258,4,Self-employed,14982,1,470,0
25,51619,54455,1,Self-employed,89718,1,433,1
22,122749,84337,2,Employed,4060,1,514,0
31,90062,50827,1,Unemployed,80536,0,605,0
39,64334,8552,4,Self-employed,97500,0,544,1
43,81938,90369,2,Employed,39966,1,476,0
21,113317,3467,4,Self-employed,76417,0,559,0
73,118621,23479,3,Employed,38358,1,429,1
61,24258,15582,2,Self-employed,43745,1,493,1
23,136871,1346,3,Self-employed,64905,1,416,1
54,40145,9868,3,Self-employed,77703,0,590,1
48,132066,81193,4,Unemployed,57653,1,458,1
23,137849,40534,3,Unemployed,86449,1,474,1
27,114161,94745,0,Self-employed,39039,1,478,1
75,110459,16368,5,Employed,75388,0,547,0
32,39380,7392,5,Self-employed,3777,0,600,1
51,113978,79574,1,Employed,92029,0,612,1
30,19829,62368,4,Self-employed,86860,0,541,1
38,138124,88265,4,Self-employed,77069,1,454,0
59,32950,6749,3,Self-employed,29692,0,600,0
55,88984,29896,0,Unemployed,27608,1,483,1
27,93890,52814,3,Self-employed,77796,1,405,1
57,76842,73039,0,Employed,29362,1,509,1
71,27640,60077,3,Self-employed,1562,0,630,0
29,100348,56572,2,Self-employed,86844,0,569,0
72,60903,91897,0,Employed,81939,1,480,1
22,143987,17795,2,Employed,66374,0,617,0
46,70259,2058,3,Self-employed,21328,0,564,1
68,79528,46035,0,Employed,68375,0,577,0
52,69095,57770,2,Employed,3557,0,625,0
40,70142,33701,5,Employed,49575,1,391,1
77,16993,93820,0,Self-employed,69711,1,491,1
25,92205,57611,1,Unemployed,23944,0,602,1
22,129364,78430,1,Employed,79233,0,591,1
40,43467,58429,1,Employed,26724,1,495,0
27,66625,7748,2,Employed,28671,1,439,0
69,33980,70748,3,Unemployed,54422,0,583,0
36,104833,82022,5,Unemployed,32607,0,554,1
40,85777,32126,3,Self-employed,42178,1,449,0
66,64001,85191,1,Self-employed,2701,1,484,1
53,19541,16746,3,Employed,95103,1,400,0
41,28062,84347,2,Self-employed,28116,0,627,1
62,94199,98925,4,Self-employed,6725,1,423,1
80,93641,91175,3,Self-employed,4025,0,572,0
73,54527,11723,5,Self-employed,85717,0,565,1
31,20179,64912,2,Unemployed,62229,0,564,1
36,93837,76488,4,Unemployed,37956,0,549,0
47,107356,99272,1,Unemployed,21403,0,581,1
75,95716,70457,3,Employed,15157,1,462,1
54,65228,77739,1,Employed,60906,0,634,1
60,46605,28933,2,Unemployed,96548,1,470,0
54,61003,50017,1,Employed,27407,0,622,0
47,59631,32749,5,Self-employed,32794,1,454,1
34,23654,23287,3,Employed,88674,1,439,0
41,87942,22623,1,Self-employed,31323,1,504,1
65,117211,42931,5,Self-employed,8527,0,557,1
57,57013,1647,3,Unemployed,86264,0,592,1
34,146237,2660,2,Unemployed,35034,1,432,1
68,99438,85982,4,Unemployed,67552,1,440,1
21,58940,81705,5,Unemployed,57674,1,450,0
57,146486,2337,2,Unemployed,56906,0,605,1
68,121232,91094,5,Employed,61504,0,569,0
28,31990,56258,1,Unemployed,81097,1,427,0
57,125853,1595,3,Unemployed,45194,0,579,1
61,102641,91590,1,Self-employed,8540,0,661,1
61,26510,75402,5,Self-employed,75144,1,448,0
72,28410,44650,0,Self-employed,83857,0,619,0
77,69292,10892,0,Unemployed,65341,1,441,0
66,59791,36356,2,Employed,45403,0,598,1
49,77387,5397,2,Self-employed,17354,1,463,0
66,147968,95537,2,Unemployed,62561,1,487,1
28,129763,70915,4,Self-employed,5592,1,449,1
50,131522,95168,1,Employed,14751,0,622,1
74,113696,39081,4,Employed,55940,0,563,0
29,69881,6101,1,Unemployed,70215,1,476,1
48,106105,58811,4,Unemployed,69845,0,539,1
63,33944,9777,2,Unemployed,59393,0,618,1
70,137148,53367,0,Self-employed,99367,1,497,1
43,43448,50538,1,Employed,38044,0,640,1
75,87669,92416,4,Self-employed,75209,0,539,0
77,76591,86289,3,Self-employed,46679,1,431,1
77,139004,6576,0,Employed,37216,1,481,1
34,21322,99254,0,Unemployed,17415,1,480,0
53,88883,72808,2,Employed,31189,0,628,1
49,56580,3196,4,Self-employed,58035,1,443,0
29,48938,39366,0,Unemployed,43687,0,613,1
24,16731,12151,1,Unemployed,14945,1,467,0
75,112354,2119,4,Employed,69217,0,593,0
64,146492,79440,5,Self-employed,82373,0,538,1
43,78024,14765,1,Employed,32085,0,610,1
44,119602,21962,5,Employed,40089,0,566,1
30,142973,95509,0,Employed,43936,1,508,0
70,143850,90618,0,Unemployed,76879,1,519,0
39,97685,39887,4,Unemployed,29492,0,563,0
62,142510,47456,3,Employed,94883,1,404,1
32,94203,86077,5,Self-employed,18137,1,422,0
77,99056,20102,5,Self-employed,38257,0,601,0
58,101540,6952,0,Self-employed,34193,0,632,1
38,29578,88755,2,Employed,59478,0,618,0
50,140616,87830,3,Employed,69508,1,484,0
75,120310,68807,5,Self-employed,88604,0,559,1
38,141032,8766,1,Self-employed,29925,1,471,0
69,75557,80703,0,Unemployed,94005,0,592,1
64,30649,31612,2,Self-employed,66375,0,592,1
30,40389,55382,5,Self-employed,49230,0,583,1
49,63097,52685,1,Unemployed,38730,0,624,1
75,134296,29774,3,Unemployed,52749,1,474,1
55,94506,73408,5,Self-employed,21505,0,572,0
48,58413,90897,5,Self-employed,72748,0,594,0
24,149856,71291,1,Self-employed,64546,0,644,1
66,31742,22188,3,Self-employed,96283,1,463,1
74,23872,31194,5,Unemployed,24536,1,402,0
23,78822,29832,1,Self-employed,14185,1,496,1
71,140707,869,5,Employed,25216,1,477,1
57,130817,74233,5,Self-employed,44889,0,597,1
30,81421,58852,2,Employed,33510,0,619,0
78,138593,27472,5,Employed,64663,1,461,0
51,28375,45389,2,Employed,31873,0,598,1
45,148418,17968,4,Unemployed,12323,1,457,1
60,40409,51761,5,Self-employed,75753,0,575,0
48,43795,66205,2,Unemployed,21008,1,432,0
76,47972,91216,2,Self-employed,65809,0,617,1
26,55488,78733,0,Employed,56705,0,595,1
26,73026,18695,1,Unemployed,38452,1,496,0
26,91247,73911,0,Employed,93210,0,602,0
56,124947,94127,3,Self-employed,87822,0,549,0
67,46110,86907,5,Employed,16551,0,539,1
25,31186,20786,3,Self-employed,66973,1,424,0
37,57454,50670,4,Self-employed,87418,1,389,1
63,126217,86270,1,Unemployed,85278,0,572,0
80,118884,18117,5,Self-employed,23082,0,589,0
35,64806,18721,3,Employed,55297,1,433,0
23,49638,47608,1,Unemployed,73019,1,425,0
27,80717,26579,5,Employed,16928,0,579,1
54,93231,56543,3,Employed,42439,1,453,1
26,17729,18566,4,Employed,3670,1,484,0
44,100183,43294,0,Unemployed,92779,1,481,1
23,37032,33775,5,Employed,24921,1,411,0
52,60193,17003,5,Employed,47196,1,453,0
77,88533,39251,4,Employed,33346,0,615,0
70,45284,84699,0,Unemployed,87049,0,629,0
75,118277,410,5,Self-employed,5481,1,418,1
50,61603,67410,3,Employed,60246,1,458,0
50,145051,87313,0,Self-employed,1775,0,617,0
79,45478,48236,1,Employed,1402,0,595,1
61,40376,27965,0,Self-employed,13690,1,493,0
74,41461,97983,4,Employed,7477,1,440,0
77,125949,70609,3,Unemployed,38504,0,617,0
72,43083,21819,0,Employed,36285,0,646,1
77,131365,69200,2,Self-employed,17161,0,584,0
52,52821,13373,1,Unemployed,44665,0,577,1
69,97266,40434,1,Employed,52948,1,471,0
26,65893,90742,2,Unemployed,1297,0,641,0
22,141834,85212,1,Employed,2016,1,515,1
77,17902,54173,4,Self-employed,77060,0,547,0
61,141013,98355,1,Unemployed,73849,0,623,0
72,67734,3408,5,Unemployed,33009,0,596,1
32,70719,86179,5,Employed,21827,1,442,1
76,69363,9354,1,Self-employed,57995,1,490,1
35,146002,16101,3,Unemployed,73533,0,580,1
30,41874,98617,0,Unemployed,68058,1,458,1
46,115161,37201,1,Employed,61484,0,581,0
34,75711,68129,4,Self-employed,96503,0,519,1
28,74089,86079,1,Self-employed,10694,0,615,0
29,53120,74675,4,Self-employed,77277,0,568,0
69,25755,63383,0,Self-employed,98403,1,476,0
66,123789,51159,3,Self-employed,31268,1,467,1
52,81099,1477,3,Employed,50124,0,567,1
78,61581,55085,2,Self-employed,94236,0,575,0
56,42115,4322,5,Self-employed,25489,1,415,1
29,59729,63835,5,Employed,1231,0,616,1
32,148709,2140,5,Unemployed,79190,0,559,1
65,138678,29529,0,Self-employed,40434,0,635,1
72,73734,88813,3,Self-employed,94707,1,409,0
30,99464,32378,0,Self-employed,94546,1,442,0
79,17970,6090,2,Employed,38870,1,493,1
69,112747,16685,4,Employed,693,0,629,0
57,91015,37757,4,Unemployed,29435,1,442,1
21,94085,16343,0,Unemployed,13253,1,471,1
24,141089,55035,4,Employed,81591,0,599,0
80,128113,57218,5,Self-employed,70592,0,554,0
30,34575,6324,4,Employed,7336,0,609,0
41,124875,83733,0,Employed,30511,0,610,1
22,57613,32448,3,Self-employed,74900,1,480,0
27,74987,16944,3,Unemployed,20340,1,439,1
46,136798,624,5,Employed,51061,1,445,0
24,92138,93543,2,Employed,70570,0,565,0
45,74188,33325,3,Unemployed,84925,0,570,1
53,149168,28183,0,Self-employed,57359,1,517,1
52,89669,12439,1,Self-employed,49264,1,497,1
25,30291,78373,2,Unemployed,59750,0,596,1
52,48062,10952,2,Employed,82648,0,566,1
47,141653,7533,2,Unemployed,33626,1,430,1
27,139714,22519,4,Employed,5167,1,494,1
66,59133,23444,3,Employed,96718,0,570,1
35,88791,88318,5,Self-employed,29496,0,599,0
38,37771,5609,1,Unemployed,88185,0,576,1
63,125580,13169,4,Self-employed,44541,1,444,1
40,48912,20238,4,Unemployed,1779,1,474,0
23,104305,17622,3,Self-employed,79982,1,437,1
53,138447,97606,3,Unemployed,51160,0,610,0
64,115624,27468,1,Self-employed,89561,1,446,0
30,58429,43310,1,Unemployed,92022,1,479,1
40,119862,61235,2,Self-employed,69086,0,593,0
23,94460,5780,4,Employed,12094,1,417,1
50,124839,16056,5,Employed,43596,1,416,0
31,87372,58269,2,Self-employed,56884,0,607,0
80,93371,81275,5,Self-employed,42406,0,549,0
70,120631,26771,3,Self-employed,54982,0,575,1
76,105552,66851,2,Self-employed,65721,1,480,1
66,104207,97324,2,Unemployed,58304,1,460,0
21,17845,76258,5,Unemployed,18383,0,580,0
69,50572,8078,5,Unemployed,17771,0,592,1
62,118818,67584,0,Unemployed,71473,0,582,1
58,90645,54555,5,Unemployed,12233,1,448,0
62,58191,39188,0,Self-employed,43874,1,494,0
40,64522,85950,4,Employed,20422,0,547,1
31,68876,35133,5,Self-employed,944,0,552,1
60,105946,66511,1,Self-employed,58322,0,568,1
67,122326,60712,2,Self-employed,57087,0,575,1
45,72329,71818,5,Unemployed,91059,1,425,1
47,48739,59717,5,Employed,34748,1,430,0
33,56335,51067,0,Employed,64857,0,607,1
39,79610,89686,2,Employed,73743,0,598,0
56,21317,54237,2,Self-employed,90914,1,475,1
49,78454,15476,4,Self-employed,12743,1,424,0
50,90637,88535,2,Unemployed,41233,0,591,1
25,134964,89169,4,Unemployed,5668,1,459,1
72,122183,44092,5,Employed,6310,0,564,0
48,82974,83913,0,Unemployed,12337,1,507,0
70,43588,46009,4,Employed,71191,1,445,1
37,90914,63747,1,Unemployed,30422,1,517,1
41,116053,49311,2,Unemployed,44569,0,602,1
75,51397,74956,2,Self-employed,42342,1,458,1
66,73299,44500,2,Self-employed,658,0,606,1
27,149139,31271,5,Employed,88848,0,587,0
35,81429,31282,3,Unemployed,77022,0,562,0
24,70429,96107,4,Self-employed,41352,1,465,1
33,121366,97978,1,Employed,23072,1,449,0
61,86115,14340,2,Self-employed,35251,0,617,0
75,121304,55733,3,Employed,36608,1,476,0
51,107786,79856,1,Self-employed,26171,0,638,1
66,90864,35536,0,Employed,94768,0,622,0
28,52375,20898,1,Self-employed,79935,1,456,1
22,17340,47894,4,Self-employed,51627,1,397,0
59,78354,96793,5,Unemployed,63959,0,526,1
41,26385,4483,0,Employed,56220,1,491,0
24,135516,43054,2,Unemployed,84726,1,457,1
33,41291,72615,1,Unemployed,41891,0,612,1
75,148788,77931,3,Employed,84172,0,542,0
30,44109,62688,1,Self-employed,51744,1,503,1
46,55760,31613,5,Employed,88503,1,435,1
56,123416,73368,3,Unemployed,70410,1,490,1
72,99486,29193,3,Employed,96469,0,564,1
71,115996,76139,1,Unemployed,21167,0,652,1
21,133720,13093,1,Employed,7602,1,513,1
22,79511,88100,2,Unemployed,52001,0,567,1
31,127184,50985,5,Self-employed,64277,1,417,1
63,96212,64348,1,Self-employed,34560,0,613,0
53,129613,29433,1,Employed,57817,1,462,0
27,53004,14647,1,Employed,67889,1,498,1
36,16727,64230,4,Unemployed,39921,1,429,1
54,67026,95940,0,Employed,59254,0,572,0
50,15987,30500,1,Unemployed,96768,0,600,0
39,54179,16158,2,Unemployed,42216,0,568,0
57,22658,71617,5,Employed,21116,1,409,1
21,102054,8242,4,Employed,87605,0,557,0
23,24847,91543,4,Unemployed,15395,1,448,1
49,40350,10534,1,Employed,39427,1,444,1
24,130517,24215,3,Employed,80066,0,557,0
58,148758,8496,5,Unemployed,36488,0,557,1
74,139956,92420,3,Self-employed,13518,0,580,1
77,17606,40872,2,Unemployed,90707,1,439,1
35,77287,57280,1,Self-employed,1252,0,637,1
24,80098,77502,3,Self-employed,71653,0,551,0
72,87716,72138,3,Unemployed,51353,0,570,0
72,73656,95140,4,Employed,55021,0,610,1
67,68670,77036,4,Unemployed,14165,0,625,1
25,116537,4263,1,Employed,18887,1,519,0
77,112228,13484,1,Self-employed,83717,0,565,1
74,144556,76626,2,Employed,8528,0,609,0
70,141012,6684,1,Employed,40265,1,515,1
63,53706,25300,3,Self-employed,97340,0,576,1
26,19215,51275,0,Employed,49244,0,633,0
38,25012,90130,1,Employed,85012,0,600,0
44,51267,85788,4,Employed,25561,1,463,0
72,142462,1191,0,Self-employed,91907,0,609,0
48,62374,89823,0,Unemployed,98488,1,483,1
51,81743,95192,5,Unemployed,78553,1,396,0
70,78805,42414,4,Self-employed,76711,1,414,1
69,39135,78632,3,Unemployed,46747,0,598,0
62,32530,39370,3,Self-employed,35640,1,460,0
64,18245,17576,1,Unemployed,10427,1,471,1
48,19502,64263,0,Employed,47023,1,462,0
24,95653,57518,2,Employed,19167,1,508,0
73,79268,85206,2,Employed,85514,1,468,0
65,147560,70732,5,Unemployed,86893,1,467,0
37,113918,59881,2,Self-employed,27072,0,574,1
29,48381,52096,3,Employed,77866,1,478,1
37,85761,91594,0,Employed,81613,1,489,0
44,40975,11693,5,Employed,94807,0,545,0
24,147632,7132,0,Employed,71212,0,580,0
34,69074,1416,3,Unemployed,22113,1,428,1
33,148727,10459,4,Employed,81489,0,531,1
40,57904,83471,2,Unemployed,81105,1,466,1
22,73000,68521,4,Self-employed,79782,0,550,1
39,45538,69492,2,Unemployed,32576,0,609,0
48,67384,51291,0,Unemployed,13679,1,463,0
62,92121,23277,0,Unemployed,64248,1,487,0
54,77702,75928,1,Unemployed,10621,1,488,1
52,72407,27164,3,Employed,38689,1,458,0
78,106855,82737,1,Self-employed,55679,1,467,1
50,141834,79815,5,Self-employed,45058,1,454,1
69,36313,86885,3,Employed,43345,0,610,0
27,28943,12128,2,Employed,88155,1,461,0
72,71543,99204,1,Unemployed,41900,0,605,0
69,134365,98844,3,Self-employed,45369,0,618,1
51,18374,78026,3,Self-employed,85551,1,404,1
45,82149,1618,5,Self-employed,13840,0,564,0
36,73416,50359,4,Unemployed,90975,0,596,0
61,95911,6874,0,Employed,51842,1,462,1
59,17519,80182,5,Employed,33215,1,412,0
68,107745,84059,1,Unemployed,69378,0,606,1
40,78662,35123,2,Unemployed,4475,1,476,1
72,39279,30136,1,Employed,72607,1,474,0
80,91377,88404,0,Unemployed,96255,1,470,0
57,58479,14339,1,Self-employed,12253,0,574,0
35,63558,38178,1,Self-employed,71276,0,561,0
47,25494,10095,2,Employed,96520,0,559,1
80,21085,99831,4,Employed,38262,1,484,1
37,134494,91557,5,Self-employed,61518,0,591,1
27,33568,75998,4,Employed,25114,1,437,0
32,86915,17087,4,Unemployed,25256,1,483,1
75,62217,60600,0,Unemployed,82720,1,483,0
51,73090,66471,5,Unemployed,9741,1,475,0
78,34356,77815,1,Self-employed,66225,1,482,0
46,145544,70132,0,Self-employed,59952,0,608,0
21,144082,3256,4,Unemployed,29147,1,452,0
56,102996,4845,2,Self-employed,6747,0,628,0
42,63437,71709,2,Employed,41598,1,443,1
32,23485,36460,3,Self-employed,10854,1,456,0
41,46038,42021,3,Unemployed,70875,1,464,1
43,93295,80543,1,Employed,7792,0,611,1
35,128053,18419,4,Unemployed,89315,1,441,0
64,69257,61623,0,Self-employed,46809,0,582,0
79,71238,62143,1,Self-employed,30210,1,474,0
32,85958,47798,4,Employed,58021,1,423,1
66,17073,78455,1,Employed,81512,0,554,0
79,84341,19178,5,Unemployed,74636,0,554,1
47,111689,58630,2,Self-employed,22601,1,490,0
70,41956,25757,3,Self-employed,79790,0,558,0
65,76491,54801,0,Self-employed,72452,0,635,1
77,115757,63154,0,Self-employed,49244,1,526,1
66,67627,46175,5,Employed,65387,1,420,0
45,36667,50668,5,Self-employed,53568,1,421,1
39,62672,94312,0,Self-employed,23029,1,520,1
37,29690,95365,4,Employed,71389,0,530,1
52,128484,29506,0,Self-employed,64512,1,465,1
33,26935,30906,1,Self-employed,71346,0,568,1
74,74120,57729,3,Self-employed,26588,1,492,0
54,77969,65300,1,Self-employed,79003,1,495,0
29,108455,30639,3,Unemployed,72021,0,552,1
54,49064,90191,2,Employed,40862,0,566,0
22,63536,89950,4,Unemployed,16415,1,484,0
78,79858,61869,0,Employed,61032,1,495,1
41,146282,49405,1,Self-employed,90712,1,496,0
72,34733,69101,0,Self-employed,42388,0,586,1
35,130585,82083,4,Self-employed,47559,0,541,1
50,58616,60956,0,Employed,21785,1,461,0
22,101824,27018,0,Unemployed,36837,0,615,1
74,39673,57644,4,Employed,10162,0,548,1
77,43279,28592,3,Self-employed,62728,0,550,1
67,41078,2495,1,Self-employed,15972,1,492,1
60,145725,81230,1,Unemployed,29683,0,648,1
79,57749,90572,3,Unemployed,32283,1,440,0
68,55723,21294,5,Unemployed,88776,1,411,0
52,122088,77696,3,Self-employed,16248,0,639,1
43,76251,82438,5,Unemployed,74343,0,561,1
42,46809,95252,3,Employed,69968,0,610,0
56,33292,18582,4,Employed,65060,1,434,1
28,126079,67063,0,Self-employed,98090,0,590,0
40,135550,73803,5,Unemployed,94058,1,419,1
50,90486,59548,4,Unemployed,77075,0,598,1
64,98767,37362,4,Self-employed,66851,0,541,1
50,43108,43403,2,Self-employed,55844,1,439,1
31,43118,7149,0,Unemployed,93551,0,583,1
77,66805,27634,4,Unemployed,45987,0,568,1
63,112452,51372,0,Self-employed,69452,1,483,1
79,113979,42878,5,Self-employed,78864,1,418,0
32,116017,49989,3,Unemployed,28640,0,585,0
38,49497,58290,3,Unemployed,50493,1,419,0
43,51458,78815,5,Employed,50542,1,464,1
48,19841,97071,0,Unemployed,91379,0,586,1
80,111595,29459,5,Employed,17728,0,595,1
77,33853,15152,0,Self-employed,58853,0,604,1
70,43178,99358,0,Employed,92081,1,470,1
76,23660,58347,5,Self-employed,93982,1,391,1
22,128133,86748,2,Employed,34594,0,605,1
74,51229,87831,2,Self-employed,60648,1,497,0
54,110597,19820,5,Employed,97891,1,416,1
72,95065,11443,0,Self-employed,70793,1,503,0
76,49955,75143,3,Self-employed,28831,1,429,0
33,73605,67906,5,Employed,53550,1,442,1
36,140295,88150,4,Unemployed,35297,1,464,1
40,34970,95987,4,Unemployed,7573,1,465,0
40,97680,25989,4,Employed,76892,1,441,0
55,84338,30613,3,Unemployed,47077,0,561,1
25,132563,95297,3,Unemployed,949,0,567,1
71,110588,99642,0,Self-employed,84209,0,639,0
47,123854,43073,1,Unemployed,95032,1,425,1
34,86359,7360,3,Employed,12740,0,560,1
33,30587,76960,2,Employed,15761,1,475,1
76,76321,14411,0,Unemployed,26675,0,621,0
23,146903,76923,3,Employed,66404,0,545,0
56,77899,42425,1,Employed,65583,1,498,0
54,78850,67751,4,Self-employed,32691,1,462,1
77,27639,42225,4,Self-employed,96256,0,566,1
50,82262,63155,5,Self-employed,72796,1,394,0
49,19861,43733,5,Employed,71366,0,542,0
79,146966,4812,3,Self-employed,83270,0,612,0
30,54109,70513,3,Employed,37548,1,435,1
49,25208,46505,3,Employed,16813,0,575,0
66,20262,88117,0,Unemployed,81372,1,497,0
64,55892,76253,3,Unemployed,33380,0,613,1
80,84021,7200,1,Employed,5680,1,503,1
24,66545,97472,5,Employed,41595,0,587,1
80,67919,20842,3,Self-employed,39740,0,548,0
41,26118,15217,0,Employed,9521,1,457,1
33,44986,28873,2,Employed,18028,0,623,1
75,74980,22164,0,Unemployed,17668,1,487,0
63,111771,36242,4,Unemployed,46485,1,424,1
69,68184,49723,5,Employed,72736,0,578,0
32,86064,63124,4,Employed,10989,0,624,0
65,131048,54200,2,Employed,82419,1,487,1
78,54078,44243,0,Unemployed,10195,1,524,1
45,97285,54006,1,Employed,6517,1,485,1
50,96801,68518,2,Unemployed,72313,1,432,1
49,121272,81347,5,Self-employed,89830,0,560,1
58,74421,57822,0,Self-employed,10420,1,463,1
66,19358,21647,2,Employed,61538,0,609,0
77,144117,26989,5,Self-employed,59624,0,579,0
34,56036,72587,4,Unemployed,97523,1,462,1
69,47196,94749,3,Self-employed,11299,0,609,0
28,31669,51547,0,Employed,79035,1,471,1
57,91822,38441,5,Employed,75744,1,426,0
35,80267,24456,5,Self-employed,54374,1,399,0
75,65754,31124,3,Unemployed,11218,0,589,0
43,75877,15422,4,Employed,73981,0,557,1
55,141546,94154,5,Unemployed,87874,0,578,0
65,19478,24002,3,Employed,31150,0,559,1
66,120483,93705,4,Unemployed,58503,0,612,0
41,26376,40018,5,Employed,82216,0,580,0
39,88106,46049,2,Self-employed,57803,0,582,0
55,62671,26199,5,Unemployed,72435,0,537,0
32,28878,26885,2,Self-employed,32389,1,464,0
60,31387,11110,3,Self-employed,90006,1,439,1
70,114204,20585,5,Self-employed,29287,1,446,1
61,122864,90887,0,Employed,82118,1,499,0
25,64765,64633,5,Unemployed,70646,1,391,0
53,97379,56897,5,Self-employed,68641,0,535,0
34,95233,57702,4,Employed,7871,0,572,0
67,35438,34899,2,Unemployed,88534,0,538,1
50,63032,36539,2,Unemployed,31602,1,427,0
21,38971,48502,2,Employed,90157,1,410,1
38,19516,66603,1,Employed,12002,1,491,0
41,63303,99839,0,Self-employed,81553,1,470,1
34,112715,24459,4,Self-employed,51562,0,589,0
71,19911,61184,1,Self-employed,58993,0,589,0
26,148173,83830,5,Employed,71420,1,472,1
79,122060,24705,1,Employed,63000,1,482,0
54,21429,81672,3,Self-employed,40480,0,564,0
22,57123,73331,3,Unemployed,34588,0,593,0
50,66225,90042,4,Unemployed,74431,0,577,1
54,126784,9717,3,Unemployed,95056,0,544,0
63,88506,24780,4,Employed,43011,1,483,0
71,67299,36332,0,Unemployed,32759,1,503,1
67,81757,48682,0,Self-employed,50873,1,490,1
37,17377,33538,5,Self-employed,92178,1,404,1
34,28578,78488,5,Self-employed,49485,1,426,0
57,17335,56752,3,Unemployed,6854,0,602,0
35,102438,80346,2,Unemployed,89375,0,592,0
21,124782,59062,2,Unemployed,78277,1,457,1
35,81251,87278,0,Self-employed,68953,0,630,0
40,54604,80678,3,Self-employed,44936,0,549,0
36,93783,46527,4,Unemployed,1514,0,577,1
54,130678,85794,0,Employed,25981,0,646,1
66,95028,57457,3,Employed,28869,0,628,1
32,57484,93274,4,Employed,53543,0,552,1
53,140653,72314,4,Unemployed,26531,0,618,1
28,23059,21879,4,Self-employed,16922,1,423,0
33,51220,51576,3,Employed,9874,1,478,1
32,110679,55167,4,Self-employed,56505,1,414,0
39,23923,76797,3,Unemployed,53622,1,460,0
72,117970,35604,3,Employed,90724,1,443,1
42,123997,88393,5,Employed,36772,1,463,1
31,75976,3617,4,Self-employed,40649,1,477,1
71,55519,84245,1,Unemployed,75131,1,427,0
77,20196,4806,0,Employed,8079,0,596,1
67,97226,86909,3,Employed,62651,0,611,1
51,148927,8419,4,Unemployed,29978,0,564,1
44,56334,11579,1,Employed,83104,1,427,1
75,24540,3422,0,Self-employed,34737,0,601,1
67,144025,7686,3,Unemployed,43923,1,483,0
42,96264,59771,0,Unemployed,75050,1,462,0
74,30410,76860,2,Employed,3866,1,482,0
28,134995,60804,4,Unemployed,52575,0,606,1
76,69994,44006,1,Employed,55567,0,573,1
37,21003,32743,0,Self-employed,14470,0,583,1
77,21706,40980,3,Unemployed,87903,1,395,0
70,116583,59477,4,Self-employed,69708,0,605,1
24,116102,21771,5,Unemployed,49649,1,440,1
27,92409,36418,1,Unemployed,46914,0,614,1
75,99212,25919,1,Employed,28806,0,643,0
53,42767,21094,0,Unemployed,34973,0,581,1
39,123690,99930,4,Unemployed,42728,1,444,0
46,94427,39640,2,Self-employed,53200,0,587,1
29,70482,97503,3,Self-employed,43963,0,613,0
73,99349,25548,0,Employed,31799,1,482,0
43,79931,78191,4,Self-employed,75134,0,547,0
46,135077,94804,0,Employed,49923,1,509,1
53,44417,12332,1,Self-employed,65356,0,592,1
29,41116,61531,4,Employed,5655,1,420,0
68,136264,84383,4,Unemployed,72924,0,592,0
39,57100,49704,3,Employed,42645,0,584,1
23,48527,2227,2,Self-employed,85832,1,477,1
69,131257,46370,5,Unemployed,84891,1,397,0
72,144665,23823,4,Unemployed,73112,1,426,1
45,18795,88476,1,Employed,61923,0,635,1
75,91084,84323,5,Unemployed,71012,0,541,1
58,137171,81140,2,Self-employed,80365,1,434,1
63,117976,55518,5,Employed,1263,0,595,0
44,72180,17953,4,Self-employed,90999,1,409,1
68,108706,85479,2,Unemployed,48047,1,469,1
26,17018,47442,0,Self-employed,36413,0,629,0
63,31501,27188,3,Employed,99730,0,523,0
70,119817,78753,0,Unemployed,57436,1,510,1
62,59706,75329,1,Self-employed,37942,0,643,1
31,73025,32570,1,Self-employed,62524,1,462,1
74,63318,7049,0,Self-employed,30695,1,487,1
62,24639,36132,4,Self-employed,19152,0,544,0
26,52568,91300,2,Unemployed,23445,1,465,0
22,113300,73371,1,Unemployed,8707,1,492,0
65,22817,72436,4,Unemployed,46173,1,464,1
21,142253,64066,4,Self-employed,63173,0,548,1
58,20297,24866,1,Unemployed,96831,0,615,1
29,21280,40145,1,Unemployed,13147,1,518,1
39,119563,68877,1,Employed,15002,1,494,0
77,86643,82244,5,Employed,49112,1,425,0
22,108384,80532,5,Unemployed,10364,1,426,1
76,86463,76214,5,Self-employed,97721,0,549,0
61,49576,45361,3,Employed,63883,1,441,1
57,53613,71932,0,Unemployed,28981,0,613,1
24,35720,31109,5,Employed,75545,1,411,0
34,119104,40982,1,Employed,33476,0,647,1
58,69171,65877,1,Employed,66798,0,611,1
43,78480,62168,3,Unemployed,4020,0,561,0
74,52255,57777,2,Unemployed,28729,0,626,1
43,134266,80995,0,Employed,51280,1,525,1
24,115231,60365,4,Unemployed,7726,1,442,0
49,18968,87984,4,Employed,94960,0,582,1
42,33533,52495,3,Employed,45911,0,618,0
39,78011,37044,3,Self-employed,71702,0,610,1
51,39257,51504,0,Unemployed,50079,0,579,0
56,75888,65352,3,Unemployed,41669,0,573,0
27,33476,18065,2,Self-employed,55831,0,568,0
38,98319,77700,0,Self-employed,6615,1,463,1
63,27561,27853,3,Unemployed,65875,0,532,0
37,70898,11868,4,Employed,34707,1,478,0
51,121643,10120,1,Self-employed,27963,1,471,0
66,118548,63515,3,Self-employed,93042,1,436,0
25,127311,46459,4,Employed,99791,1,448,0
47,43648,8410,2,Employed,12496,1,492,1
48,106500,65939,0,Unemployed,46084,0,610,1
34,32139,76065,0,Employed,49476,1,507,1
74,37932,42799,0,Unemployed,92305,0,600,1
28,112003,13460,2,Self-employed,50683,0,609,1
45,38249,30413,3,Employed,23504,0,613,1
22,114194,38437,3,Employed,34089,0,553,1
54,125523,69930,4,Self-employed,36634,1,455,0
57,16412,19099,0,Unemployed,35859,1,520,1
50,65202,79154,4,Unemployed,27458,1,427,0
72,39334,18016,3,Unemployed,41820,0,576,0
46,106648,71972,0,Self-employed,60616,1,456,1
67,119362,91147,1,Employed,473,0,663,0
38,70482,23983,3,Employed,14674,0,626,0
63,79496,23860,4,Employed,15185,0,609,0
76,144106,60256,5,Self-employed,82096,0,558,0
65,43618,7445,4,Employed,20782,1,432,1
59,105672,59912,2,Self-employed,38185,1,451,1
30,44479,39985,1,Unemployed,39148,0,614,1
42,64621,66820,5,Employed,49566,0,589,1
74,92500,76036,1,Self-employed,93528,0,616,1
74,30704,80018,3,Unemployed,86117,0,545,1
54,142887,24540,5,Employed,44192,1,449,1
39,26531,7568,4,Self-employed,14502,1,425,1
44,62963,18990,1,Employed,82204,0,564,1
55,127184,17528,0,Self-employed,4428,0,660,1
54,50617,58166,3,Unemployed,6571,0,618,0
48,106463,96430,1,Unemployed,26703,0,629,1
47,146112,82864,5,Self-employed,72329,1,425,0
26,47851,1170,4,Self-employed,85746,0,583,0
49,115616,59265,1,Employed,70965,0,631,0
39,68827,84522,4,Unemployed,21962,0,603,0
39,80335,51384,3,Unemployed,46147,0,592,1
80,49079,22298,5,Unemployed,74998,1,430,0
32,108464,16862,4,Employed,62830,1,459,1
73,45851,86555,2,Unemployed,99085,0,601,1
60,72462,75751,0,Unemployed,58740,0,635,0
35,52348,94330,5,Self-employed,22700,0,540,1
62,67580,72238,4,Unemployed,35904,1,479,0
32,124747,12113,3,Unemployed,59550,1,489,0
77,22181,57886,0,Employed,38779,1,452,1
43,62601,76317,1,Employed,60834,1,454,1
71,127522,96663,5,Employed,47565,0,536,0
46,59919,66406,4,Self-employed,6322,1,448,1
45,93550,36340,5,Employed,61971,1,412,1
47,70737,17054,0,Employed,10155,0,587,1
48,39656,53939,1,Employed,25660,1,459,0
70,115387,779,4,Self-employed,65215,1,454,0
28,101470,23025,2,Employed,30411,1,476,1
34,146970,89851,2,Unemployed,54760,1,487,1
46,107848,21022,2,Employed,27464,1,491,1
43,97465,65650,3,Employed,38510,0,591,1
54,50761,94425,3,Unemployed,94616,0,602,1
28,33635,11004,1,Employed,88948,0,621,0
57,138140,98077,1,Self-employed,18980,1,498,1
70,142738,87007,0,Self-employed,94463,1,466,0
77,124917,23701,0,Employed,18021,1,505,1
56,105875,58998,1,Unemployed,44549,1,470,0
69,148845,47897,5,Unemployed,23328,0,556,1
34,61677,37988,4,Self-employed,84307,1,437,0
35,61150,41167,1,Employed,23056,0,632,1
68,115807,74190,5,Unemployed,18383,1,455,0
77,89398,24077,1,Self-employed,64084,0,571,0
80,43197,14895,4,Employed,62644,0,566,0
52,41467,14492,1,Employed,25473,1,481,0
32,35593,56067,3,Self-employed,926,1,433,0
39,58103,71955,4,Unemployed,31458,1,417,0
53,111887,79012,1,Self-employed,43926,1,478,1
51,121052,25716,2,Employed,26693,1,507,0
22,105174,61304,3,Unemployed,8351,0,589,1
43,104223,6096,3,Unemployed,97665,0,527,1
44,58590,21953,2,Self-employed,63562,0,549,1
67,63260,10134,0,Self-employed,96442,1,499,1
57,141602,44443,0,Self-employed,54738,0,593,1
23,132261,54329,0,Self-employed,20169,0,633,0
47,117042,80298,2,Employed,42176,1,456,0
78,53242,38220,1,Unemployed,65568,0,586,0
38,19094,57570,1,Unemployed,75187,0,582,1
59,111365,76184,1,Employed,84499,0,560,0
57,136524,91736,2,Unemployed,56244,0,599,0
47,77859,91617,2,Employed,73846,0,614,0
25,27135,41697,2,Self-employed,98737,1,428,0
43,142669,34762,1,Self-employed,80404,0,604,0
57,104361,38502,0,Self-employed,91868,1,474,1
69,94423,19597,5,Unemployed,7083,0,558,0
74,46574,1129,5,Unemployed,38006,1,394,1
72,128096,43502,2,Self-employed,95214,1,471,1
44,93077,75643,1,Employed,51947,1,466,1
43,72016,31667,0,Unemployed,63069,1,478,1
36,120700,37541,3,Unemployed,66030,0,580,1
61,129500,89061,5,Self-employed,20029,0,595,0
34,82219,62454,5,Self-employed,63221,1,401,0
36,138666,41948,0,Employed,32847,0,619,0
22,18304,2561,0,Self-employed,54911,1,466,1
27,124471,87545,3,Employed,3754,1,503,0
80,15793,77742,3,Employed,6540,1,472,0
35,88513,39278,0,Employed,79547,1,477,1
78,39054,43199,5,Employed,2955,1,456,1
69,81439,94283,4,Self-employed,36638,0,579,1
71,89101,72111,4,Self-employed,64045,1,458,1
64,41964,87658,3,Self-employed,87218,0,604,0
59,131804,99685,4,Unemployed,83253,1,464,1
63,24859,52185,2,Unemployed,82213,1,447,1
73,95762,72908,5,Self-employed,35668,1,455,0
42,99262,48552,2,Self-employed,63038,1,424,0
31,56996,53886,1,Unemployed,19510,1,447,1
22,114573,89929,3,Employed,41956,0,583,0
31,112980,79174,1,Unemployed,27252,0,639,1
47,113140,39537,1,Unemployed,76592,0,573,1
79,33834,41010,1,Employed,43291,0,604,0
79,98796,25569,0,Unemployed,5973,0,602,0
69,62878,22408,3,Employed,72684,0,587,1
57,60640,11149,5,Employed,6059,0,559,1
60,143363,205,4,Employed,83006,0,568,1
43,133409,7199,3,Unemployed,91696,0,585,0
27,112824,74947,5,Unemployed,80753,0,557,1
54,74924,583,2,Employed,32120,1,483,1
53,70760,4940,2,Self-employed,62831,1,439,1
75,144468,9908,4,Unemployed,86892,1,396,1
62,24032,20425,0,Unemployed,96404,0,626,1
69,85549,20934,0,Unemployed,13078,0,650,0
41,24124,59349,0,Self-employed,78030,0,584,1
53,66442,36376,5,Unemployed,73411,0,586,1
32,118271,66566,1,Self-employed,78307,0,602,1
68,136804,49627,5,Self-employed,90556,0,555,1
53,78986,96751,0,Self-employed,95440,1,505,0
40,45418,79282,1,Unemployed,20422,1,474,0
40,134836,785,1,Unemployed,59688,0,576,0
44,39024,95661,5,Employed,83512,1,450,1
80,101750,69378,3,Employed,97455,1,476,1
48,119285,24289,1,Employed,74784,1,480,0
76,134917,86359,1,Unemployed,71380,0,563,0
67,85563,94419,0,Self-employed,74709,1,501,0
68,52440,17534,3,Employed,92517,1,438,1
41,59074,19900,1,Employed,87859,1,453,1
34,26867,26500,2,Employed,91709,0,563,0
76,56490,22897,3,Unemployed,60779,0,581,0
80,119510,80222,3,Self-employed,55866,0,552,0
54,144864,81625,2,Unemployed,43316,1,508,1
66,121821,94442,3,Unemployed,1646,0,619,1
52,92968,29583,3,Employed,82630,0,563,1
38,80603,71053,5,Unemployed,34207,0,582,0
29,144148,52355,0,Employed,77051,1,453,0
33,134294,3310,3,Self-employed,65751,0,600,1
60,42761,55013,2,Employed,68785,0,592,0
40,146548,5739,1,Self-employed,65534,1,500,1
76,18085,66117,5,Unemployed,82328,0,584,0
43,143778,89145,5,Self-employed,84156,1,423,0
50,44557,85019,4,Employed,46892,1,468,0
79,78660,28243,2,Self-employed,33710,0,625,0
21,20461,45160,2,Self-employed,30104,0,571,1
40,49456,28049,5,Unemployed,23327,1,461,0
64,80453,55221,5,Employed,34351,1,460,1
55,122626,23297,5,Employed,59749,0,596,1
21,110991,50748,4,Unemployed,78267,0,570,1
33,115771,10350,5,Unemployed,79854,1,422,0
49,56865,5946,5,Unemployed,25638,0,571,1
22,45874,401,3,Self-employed,93260,0,534,1
58,137860,27387,4,Self-employed,3380,0,587,1
33,35286,14924,5,Self-employed,60206,1,422,0
75,68936,64644,2,Self-employed,94304,0,577,0
60,107769,31469,3,Employed,91186,0,560,1
38,139923,24367,4,Self-employed,98575,1,467,0
51,131257,79671,5,Employed,1296,1,487,1
80,53074,21503,2,Employed,63068,0,587,1
78,126788,87042,1,Self-employed,87008,1,439,0
61,66122,17769,4,Self-employed,69792,0,593,1
33,60262,99837,5,Unemployed,72025,1,466,0
27,22357,4934,3,Self-employed,65073,1,437,0
37,105666,47814,2,Unemployed,15822,1,491,1
79,37014,4476,2,Employed,80260,0,571,0
21,70234,21029,5,Unemployed,88236,1,437,0
41,115791,9825,0,Self-employed,32922,1,489,1
62,147376,49982,4,Unemployed,59969,0,559,1
29,43750,18038,4,Unemployed,94131,0,565,0
57,117026,60273,5,Unemployed,9687,0,597,0
40,77077,20635,5,Employed,49922,0,521,1
43,122066,52988,4,Employed,81541,1,419,0
59,42116,19269,0,Self-employed,92782,0,622,0
66,71362,34153,5,Employed,47902,1,403,0
76,61674,57470,1,Employed,96955,1,471,0
65,85107,45441,1,Employed,37274,0,570,0
76,134676,28550,4,Employed,7030,0,582,0
34,60841,44869,5,Self-employed,5168,0,580,0
27,85660,13990,1,Unemployed,27412,1,441,1
75,71953,59340,3,Unemployed,7322,0,622,1
43,135753,30108,5,Unemployed,41830,0,536,1
41,57655,40703,4,Unemployed,33028,1,444,1
42,26742,16531,1,Unemployed,69750,0,586,1
21,36118,61166,2,Unemployed,25023,0,628,0
49,126967,79733,1,Self-employed,75990,1,447,0
68,78595,91262,2,Employed,46876,0,610,0
34,109012,21614,3,Unemployed,58869,0,619,0
42,70291,44304,0,Self-employed,62727,0,620,1
41,47129,27693,4,Self-employed,30592,0,553,0
28,90196,81152,3,Self-employed,2404,0,628,0
49,17368,42829,2,Unemployed,61405,0,566,1
32,57526,25417,2,Employed,83462,1,469,0
77,129050,37740,2,Employed,86256,0,563,0
40,86813,80680,1,Self-employed,1159,0,622,1
36,20959,62806,5,Employed,28043,0,555,0
23,115225,38126,1,Self-employed,48862,0,608,0
49,34177,62049,3,Unemployed,69186,0,536,0
34,70687,32923,5,Employed,49075,0,565,0
53,119019,56808,2,Self-employed,99790,0,558,0
66,130255,29127,1,Self-employed,18462,1,461,1
25,30862,41890,0,Unemployed,19020,1,462,1
36,118387,20214,4,Self-employed,20723,1,429,1
26,101462,36299,5,Self-employed,11617,1,478,1
35,82024,77187,4,Employed,86168,0,527,1
39,27237,20102,3,Employed,45102,1,457,1
34,96632,99842,5,Employed,3519,1,413,0
23,58820,32368,2,Unemployed,17192,1,444,1
35,110997,74009,1,Self-employed,35996,0,620,1
52,88911,21229,2,Unemployed,65119,0,607,0
24,111112,26557,4,Employed,61286,1,406,0
42,24018,12721,0,Self-employed,42262,0,647,1
40,139312,92487,1,Employed,79929,0,602,0
54,36311,38165,1,Employed,36221,0,638,1
48,66253,98661,5,Unemployed,99724,0,508,0
71,86991,5774,3,Unemployed,83203,0,539,1
79,124873,64049,4,Unemployed,3345,1,479,0
70,16555,50094,1,Employed,17670,0,626,0
78,22329,18361,0,Employed,25254,0,574,1
80,112626,61560,3,Self-employed,6409,0,593,1
43,113968,64146,2,Self-employed,12732,0,584,1
68,108963,43324,2,Self-employed,63026,1,487,1
47,77529,2020,5,Employed,23714,1,457,1
58,70017,84626,3,Employed,86980,0,559,0
74,140077,11169,0,Employed,92588,1,454,1
65,126746,7958,4,Self-employed,36367,0,597,1
62,69619,62420,0,Unemployed,37452,1,465,0
64,58328,11315,1,Employed,13081,1,477,0
69,76494,77541,2,Employed,48281,1,437,1
35,85691,89300,2,Employed,62128,0,564,0
73,45940,85014,2,Self-employed,87608,1,426,0
22,19301,86308,2,Self-employed,38170,0,615,1
55,70972,59892,1,Unemployed,99367,0,586,0
63,41430,68753,5,Employed,4954,1,444,0
67,111788,26344,1,Unemployed,9304,1,461,1
23,71741,85548,4,Self-employed,4569,0,600,1
36,70673,35193,1,Unemployed,15700,1,477,0
65,86874,74766,3,Unemployed,1521,1,447,0
64,138981,99172,4,Unemployed,98557,0,602,1
26,85085,75302,0,Employed,12165,1,508,0
44,87221,84273,4,Self-employed,12402,1,462,0
22,18059,2015,2,Self-employed,54042,0,622,0
76,111927,13763,3,Self-employed,55690,0,560,1
37,106679,32048,3,Self-employed,78441,0,535,0
26,101128,98743,3,Employed,19371,0,629,0
51,62026,68306,1,Self-employed,84030,1,474,1
69,81802,60418,5,Employed,59834,0,560,0
73,77993,27898,5,Self-employed,41363,1,425,0
22,93422,67982,0,Self-employed,5390,1,521,1
55,122174,66871,4,Unemployed,57105,0,589,1
53,43091,74504,2,Unemployed,56501,0,576,1
56,15585,42828,3,Self-employed,75641,0,568,1
53,35043,5072,4,Self-employed,96675,1,439,0
26,35977,45342,4,Self-employed,56334,0,568,0
34,73885,47439,3,Self-employed,98928,0,546,1
47,15332,63343,3,Unemployed,20521,1,482,1
69,41087,44429,4,Employed,71747,0,560,0
27,25169,60136,2,Self-employed,13721,0,612,1
62,138038,80564,1,Unemployed,28871,1,500,0
33,41387,34295,0,Employed,41937,1,498,1
48,97554,17465,4,Employed,12665,1,443,0
32,117250,76058,3,Self-employed,29878,1,455,1
69,116851,86003,1,Unemployed,49531,0,634,1
22,64704,9230,5,Unemployed,42697,0,538,0
50,104007,71070,0,Employed,41586,0,581,1
33,48755,20538,3,Unemployed,47256,0,544,0
23,139734,51620,5,Employed,45761,1,456,0
37,48810,30706,0,Employed,40070,1,498,0
52,47911,17469,3,Self-employed,95470,0,595,0
34,130356,28449,0,Employed,81267,0,608,0
75,142354,70667,0,Employed,24699,1,499,1
64,40476,9061,3,Unemployed,17866,0,550,1
60,59023,1684,1,Unemployed,92339,1,468,0
28,139850,14686,1,Self-employed,23744,1,469,1
32,92973,24222,1,Employed,68751,0,634,0
38,23489,60350,1,Unemployed,20000,1,493,1
38,111274,7879,0,Employed,32474,1,482,1
31,117761,51400,0,Unemployed,2152,1,495,1
41,116674,56277,2,Employed,91072,0,618,1
68,23453,54387,2,Unemployed,10015,0,581,0
34,58412,20573,2,Self-employed,80173,1,414,0
47,69547,62250,1,Unemployed,1975,0,596,1
36,84975,72752,1,Self-employed,74186,1,485,1
73,104621,1864,2,Self-employed,79369,1,479,0
55,65023,46613,3,Self-employed,91817,1,461,1
75,20045,25721,2,Unemployed,51765,0,548,0
80,36099,86403,1,Employed,53742,1,455,0
32,44235,34339,3,Self-employed,40526,0,585,0
56,74056,17419,0,Employed,17893,0,587,1
49,71159,12710,2,Unemployed,53348,1,455,0
40,72071,69112,2,Self-employed,44122,0,598,1
21,114683,10519,1,Unemployed,86235,1,441,0
34,85507,83036,0,Self-employed,12863,0,651,1
48,109387,36157,0,Employed,74633,0,604,1
70,35228,99743,3,Employed,57648,1,485,1
40,22697,85702,3,Employed,25726,0,560,0
80,111080,30717,0,Unemployed,68842,0,574,0
27,137101,60161,2,Employed,42232,0,568,1
29,145669,65763,1,Unemployed,78586,1,503,1
39,135432,31953,2,Employed,32724,0,608,1
74,145618,1956,3,Self-employed,1166,1,461,0
46,39004,56371,5,Unemployed,20104,1,457,0
46,36952,43767,1,Unemployed,83688,0,558,0
43,128380,36232,5,Employed,69934,1,407,0
32,50775,31758,3,Unemployed,42954,0,563,1
69,33486,51974,0,Employed,93627,1,453,1
72,93933,99431,4,Employed,46753,1,435,0
72,97176,90701,0,Self-employed,19661,1,458,0
49,136793,35246,3,Unemployed,213,1,494,1
51,102008,86854,1,Self-employed,16733,0,584,0
45,127183,39029,1,Employed,97411,1,473,0
21,62456,17179,1,Employed,76005,0,555,0
77,145881,57157,0,Self-employed,74363,1,482,0
58,89686,55654,4,Unemployed,67741,1,417,0
74,16766,24978,5,Self-employed,57993,0,560,0
60,18049,98868,2,Self-employed,83039,0,614,1
78,123013,45555,0,Unemployed,49506,1,467,0
72,105311,42097,3,Unemployed,92111,0,535,0
80,110034,8066,3,Unemployed,45767,1,483,1
63,51660,73076,3,Employed,83098,0,555,1
78,50559,64560,1,Employed,31442,1,480,1
50,107250,39332,4,Employed,16216,1,427,0
70,69834,77783,1,Self-employed,70685,0,587,1
39,25277,34716,1,Employed,23074,1,505,0
34,93897,43433,0,Self-employed,86150,1,495,0
41,136438,11981,4,Employed,85908,0,543,0
43,62649,31104,3,Self-employed,69863,0,534,1
44,135756,67230,3,Employed,20783,0,569,1
62,57761,5747,4,Self-employed,30110,1,445,1
58,18525,15156,1,Unemployed,11040,1,497,1
77,61256,97416,3,Unemployed,97368,1,429,1
59,93409,34588,3,Employed,19259,0,605,0
25,26482,50733,0,Self-employed,80338,1,442,0
34,85818,82851,4,Unemployed,53208,1,440,0
56,84737,31921,3,Unemployed,46240,1,466,0
41,67662,29493,5,Employed,68250,1,414,1
37,41856,8236,2,Employed,12030,1,463,1
44,58962,93058,1,Self-employed,61556,0,601,0
70,63791,45053,3,Self-employed,77379,0,612,1
37,93562,36869,2,Unemployed,78494,1,474,1
50,118784,21109,2,Self-employed,63633,1,462,0
53,62327,53459,1,Employed,63924,1,454,0
46,60405,99163,2,Employed,57733,0,578,1
73,103977,7818,5,Employed,43362,0,580,1
26,78375,46470,4,Unemployed,67458,0,559,0
28,98926,15715,0,Self-employed,42854,0,595,0
57,38254,31331,3,Self-employed,76778,1,478,0
29,122777,61331,4,Unemployed,5297,1,480,1
70,133438,50103,2,Employed,57390,0,556,0
41,56809,32000,4,Unemployed,33731,0,570,0
78,140307,20097,0,Unemployed,108,1,533,1
59,89711,60186,2,Self-employed,54242,0,595,1
71,54460,36123,2,Self-employed,29866,0,568,1
51,63067,84966,4,Self-employed,79769,1,402,1
50,107641,73379,1,Employed,5819,1,462,1
66,121011,93357,0,Unemployed,82964,1,502,0
74,116475,63961,2,Self-employed,98546,0,593,0
60,123738,83808,5,Self-employed,1508,0,561,1
45,49789,26867,3,Self-employed,80747,0,573,1
30,62033,81402,1,Unemployed,90764,0,571,1
80,50740,70332,0,Unemployed,31736,0,651,1
79,35421,95160,2,Unemployed,49582,0,564,1
70,75035,35051,4,Self-employed,99868,0,558,0
56,142341,7268,5,Self-employed,43675,0,589,0
36,43692,7589,5,Self-employed,24519,0,588,0
61,53186,85986,3,Unemployed,47834,1,444,0
25,66267,93250,0,Self-employed,68304,0,585,1
73,65393,23612,3,Self-employed,29411,1,444,0
35,57669,98604,5,Unemployed,15925,1,470,1
60,50131,15554,3,Employed,22756,1,491,1
74,148366,98511,3,Employed,66741,0,617,1
44,114598,72698,3,Employed,81157,1,448,0
78,69289,55775,2,Self-employed,76252,0,599,1
75,122634,74900,5,Self-employed,91672,0,517,0
70,148370,64767,1,Employed,42075,1,449,0
73,133006,57104,2,Employed,64003,0,601,1
24,107983,96701,2,Employed,59309,0,557,1
32,135915,97941,1,Unemployed,66418,0,598,1
72,108733,86692,0,Employed,21606,0,618,0
31,53889,68967,4,Self-employed,75351,0,551,1
80,132374,50716,3,Unemployed,10503,0,584,0
36,81642,16776,1,Unemployed,22408,1,474,1
63,58614,49620,1,Unemployed,24716,1,497,1
53,128739,8054,5,Self-employed,94136,1,425,0
38,132504,26476,5,Employed,95925,1,394,0
45,96915,65891,4,Self-employed,43173,1,436,0
36,15835,68337,1,Unemployed,10869,0,629,0
48,125867,74164,1,Unemployed,46408,1,493,0
43,146129,32629,1,Employed,19389,1,478,0
41,18210,25926,0,Self-employed,43919,1,468,1
33,19949,83789,3,Self-employed,24212,1,440,1
45,125521,56853,1,Self-employed,31390,1,464,0
23,112472,82870,5,Self-employed,85642,1,455,1
80,94221,10380,4,Self-employed,73979,1,411,0
78,38811,20672,5,Self-employed,20901,0,573,1
77,18217,15028,5,Unemployed,18556,1,416,1
35,39226,41887,3,Self-employed,9565,1,470,0
45,140438,67869,2,Unemployed,60585,0,598,0
71,42083,89155,2,Employed,76669,0,610,0
43,58494,15001,4,Self-employed,71936,0,537,1
32,22949,65278,2,Self-employed,30149,1,472,0
76,66617,48940,4,Unemployed,34243,1,473,1
37,89950,48602,1,Self-employed,46723,1,471,0
45,110711,61267,1,Self-employed,12887,1,520,1
29,24260,68626,3,Self-employed,40790,1,452,1
41,36607,95445,2,Self-employed,92493,1,476,0
44,21061,14605,2,Self-employed,35488,0,570,1
48,32820,83539,1,Employed,4406,1,481,1
30,133818,48778,1,Self-employed,27156,1,505,0
54,79253,87925,1,Self-employed,22947,0,632,1
62,134196,93603,5,Unemployed,77931,0,540,0
43,69628,39083,3,Self-employed,4024,0,556,0
76,55228,39432,1,Unemployed,19029,1,511,0
73,133881,32016,3,Employed,42154,0,587,0
51,117980,43145,4,Self-employed,14322,1,488,1
38,54751,33742,1,Employed,9427,0,650,1
27,74971,70751,5,Unemployed,52931,1,425,1
27,113476,72221,1,Unemployed,81653,1,461,0
30,143303,9883,0,Unemployed,4775,1,495,1
49,61588,31231,1,Employed,79218,0,612,1
80,62780,67346,3,Employed,43629,1,453,0
79,72540,56944,4,Employed,65196,1,419,0
55,149234,67901,5,Unemployed,96638,1,388,1
60,64415,83100,3,Employed,12404,1,443,0
52,67571,51822,1,Unemployed,26315,1,481,0
47,42568,15542,2,Self-employed,7167,0,635,0
23,94626,86269,5,Self-employed,42136,0,575,0
25,115298,88984,4,Self-employed,32915,1,428,1
37,110841,17969,2,Employed,13588,1,451,0
45,119239,37141,0,Self-employed,71303,1,489,0
23,57974,1412,5,Self-employed,17434,0,558,0
52,125184,97461,3,Employed,21177,0,624,0
52,74461,94301,5,Employed,1315,1,449,0
80,124254,42692,4,Unemployed,9764,1,419,0
57,105739,41477,2,Unemployed,2884,1,513,0
23,127402,64191,4,Employed,8776,1,484,0
23,53955,35169,2,Unemployed,99890,1,448,1
47,79075,51404,0,Unemployed,90419,1,449,0
54,133933,38594,5,Unemployed,66362,1,435,1
38,116404,73423,0,Employed,16485,0,611,0
21,122044,58020,4,Unemployed,72065,0,561,0
80,137672,38971,4,Unemployed,41192,1,460,0
76,76442,67569,1,Self-employed,89962,0,581,0
29,139935,77288,3,Unemployed,60940,0,595,1
62,50309,44775,2,Unemployed,39904,1,468,0
42,139151,40406,4,Unemployed,14844,1,468,0
72,102454,49905,5,Employed,21216,0,595,1
29,85827,17545,2,Self-employed,79041,1,463,1
51,29172,83305,2,Self-employed,17719,0,640,0
76,81975,61181,3,Self-employed,37811,0,625,1
40,60877,34694,2,Self-employed,18599,0,600,1
36,88747,48557,1,Employed,71343,0,593,1
45,85736,57189,0,Employed,77591,0,585,0
42,99242,70715,4,Self-employed,29049,1,469,0
27,60811,71167,4,Self-employed,11019,1,486,0
31,141334,52661,3,Self-employed,91900,1,426,1
25,124611,80846,2,Self-employed,49745,0,595,0
75,96653,33838,1,Self-employed,70743,1,505,1
76,100081,55890,0,Unemployed,35680,0,603,0
77,62028,56479,1,Self-employed,2266,1,453,0
62,100501,84110,4,Unemployed,36827,0,552,1
40,125100,99326,3,Unemployed,88200,1,455,0
78,64273,2964,4,Unemployed,27799,0,609,1
73,30554,63551,1,Unemployed,50235,0,628,1
38,139070,45692,4,Unemployed,9134,1,482,0
69,78257,82728,1,Employed,87478,0,610,1
79,137973,56118,2,Employed,77487,1,490,0
66,120358,99424,0,Employed,96865,0,626,0
76,68003,57086,0,Employed,85129,0,580,1
77,113919,26713,1,Employed,46668,1,463,0
52,132408,74699,2,Employed,88710,1,441,1
24,61328,86515,5,Self-employed,26845,1,443,0
61,37891,86133,1,Employed,5501,0,608,0
43,40266,87777,2,Unemployed,18022,0,591,0
36,79057,24170,3,Self-employed,82612,0,546,0
27,27130,2207,1,Employed,23950,0,610,0
64,25635,34899,1,Unemployed,53635,0,597,1
28,78879,46230,3,Employed,42037,1,467,1
67,120822,36602,4,Unemployed,72626,0,537,1
80,138755,1346,0,Unemployed,68519,0,585,1
34,39830,2842,5,Unemployed,90120,0,573,1
35,147628,95663,3,Self-employed,7859,0,591,1
45,17012,43773,5,Unemployed,40745,1,406,0
77,46417,37482,4,Employed,34662,0,603,0
27,26840,58438,4,Unemployed,79787,0,584,1
26,133152,97690,5,Unemployed,19983,1,427,1
41,40334,59015,4,Employed,56786,0,599,0
38,148339,1214,1,Self-employed,44037,0,569,0
73,30788,86364,2,Unemployed,58961,0,575,0
44,98327,56984,5,Unemployed,22962,0,586,1
51,112559,62989,3,Self-employed,11650,1,498,1
49,51708,37870,0,Self-employed,30723,0,590,1
26,133431,30257,2,Self-employed,77033,0,549,0
46,33677,12218,5,Employed,79487,0,533,0
63,115201,17591,1,Self-employed,87739,0,576,1
75,31543,46512,0,Employed,68572,1,498,1
67,141575,32143,1,Unemployed,11421,1,454,0
34,132260,612,1,Self-employed,88428,0,598,0
50,70249,4089,3,Unemployed,4660,0,592,0
63,52377,99287,3,Self-employed,53722,1,461,0
21,41406,66736,4,Unemployed,26479,0,552,1
67,56867,62202,1,Self-employed,71824,0,620,0
32,128628,113,3,Self-employed,54871,0,598,0
26,94305,49636,4,Unemployed,99378,0,589,0
63,137354,78900,2,Unemployed,6086,1,464,1
21,70701,43097,5,Self-employed,2285,0,573,1
45,145862,66875,2,Employed,50681,1,498,0
53,27473,1135,5,Self-employed,1757,0,581,0
60,116047,11633,5,Unemployed,88466,1,418,0
80,56335,23906,0,Employed,26001,0,648,1
65,44755,97278,5,Employed,22150,1,466,1
33,138584,66355,5,Self-employed,84754,0,532,1
65,57671,80596,0,Unemployed,81917,1,486,0
35,78322,98561,0,Employed,34490,0,648,1
22,107728,92024,3,Employed,72029,0,553,0
40,16271,62419,5,Employed,80602,1,420,0
34,71905,23640,3,Unemployed,83280,0,573,0
41,112354,27749,1,Self-employed,45033,0,644,1
65,29118,12032,4,Employed,9114,0,557,0
38,81440,6374,4,Self-employed,49798,1,442,1
21,57592,55262,1,Employed,44615,1,435,1
34,43027,20712,2,Unemployed,94040,0,606,0
69,37104,18667,2,Employed,24692,1,501,0
43,49984,2540,3,Self-employed,6349,1,438,1
43,94294,52143,2,Unemployed,76738,1,440,0
74,72122,74018,0,Unemployed,65602,0,595,1
26,145419,68805,5,Unemployed,89425,1,424,0
33,146113,81024,4,Unemployed,63305,0,608,1
78,91408,87038,5,Self-employed,48065,1,452,1
36,50960,35306,0,Employed,33446,1,453,1
41,20154,37519,5,Self-employed,24432,1,468,1
69,27509,60461,0,Unemployed,54694,0,634,0
47,32257,79100,0,Self-employed,20005,0,623,0
70,136346,50108,4,Self-employed,29594,0,624,1
73,124559,25163,4,Unemployed,90467,1,416,1
38,132879,50968,2,Unemployed,14512,0,632,0
37,142984,2627,3,Employed,89229,1,451,0
53,133809,95952,5,Unemployed,55031,1,432,0
66,76892,2770,1,Unemployed,98800,0,569,0
25,81438,28637,4,Self-employed,7457,0,576,0
67,71538,47647,0,Employed,55256,1,489,0
40,94883,75931,4,Unemployed,49108,1,455,1
41,141356,20578,1,Unemployed,9208,0,595,0
28,41948,89857,1,Employed,78592,0,611,0
43,131527,39468,0,Self-employed,91719,1,465,1
44,100128,98598,0,Employed,69595,0,629,0
50,51596,59699,1,Employed,76597,0,574,0
75,60334,72406,2,Employed,68510,1,467,0
34,76953,66763,5,Employed,70778,1,414,0
53,128131,59927,4,Unemployed,30871,1,423,0
55,65175,87647,3,Self-employed,75669,0,535,1
43,141606,79322,4,Employed,56328,1,452,0
60,80853,6746,5,Self-employed,99983,1,377,1
22,103040,71541,1,Employed,76192,1,466,1
47,79829,17960,5,Unemployed,67944,0,574,0
39,96747,19557,1,Employed,43167,1,476,1
54,143353,28726,1,Employed,19581,0,621,0
57,16844,89706,5,Employed,14324,1,434,1
43,51637,54499,1,Unemployed,53579,1,430,1
56,149228,35337,0,Self-employed,43206,1,512,0
72,27531,47536,4,Unemployed,20448,0,601,0
73,83573,41005,3,Employed,12652,0,590,0
79,80958,42249,0,Unemployed,96692,0,578,0
72,23534,78630,5,Self-employed,86738,1,408,0
53,143138,71597,1,Self-employed,23278,0,615,1
63,131543,41201,1,Self-employed,17820,1,515,1
60,28825,42728,1,Unemployed,60465,0,621,1
58,129378,35446,4,Self-employed,86839,1,452,1
61,38138,69523,5,Employed,34244,0,598,1
70,44310,13400,3,Employed,53844,1,451,1
60,38230,13974,0,Employed,48320,0,632,1
43,93592,88892,4,Self-employed,68378,0,541,0
30,25859,3922,4,Employed,68671,1,454,0
64,67815,7542,2,Self-employed,95939,1,463,1
47,142857,37793,0,Employed,51522,1,447,1
28,58457,48275,2,Self-employed,62345,0,554,0
25,84546,94532,4,Employed,69367,0,535,0
38,34770,87934,4,Unemployed,90215,0,571,0
41,77553,39331,2,Self-employed,9725,0,569,0
39,36814,374,3,Self-employed,12576,1,419,1
47,135674,20530,4,Self-employed,39301,1,424,0
64,66246,28560,2,Employed,67010,1,485,1
69,140670,65437,4,Self-employed,45717,1,448,1
45,87142,1949,4,Unemployed,69905,1,466,1
40,114812,88903,5,Self-employed,52074,0,602,0
71,86616,54000,1,Unemployed,10787,1,524,0
59,113072,59859,4,Employed,25939,1,455,1
46,42833,34527,2,Unemployed,83830,0,610,1
61,131294,33656,1,Employed,79468,0,571,1
32,64275,8684,3,Unemployed,78642,1,444,0
69,29803,49351,3,Unemployed,25887,1,447,1
49,118311,65919,0,Unemployed,38832,1,463,0
68,28478,16810,3,Unemployed,62752,0,533,1
37,132137,51518,4,Unemployed,84442,0,542,1
35,41756,84194,4,Unemployed,51369,0,604,1
49,73831,57477,3,Self-employed,77971,0,585,0
21,19738,36245,0,Employed,80328,1,500,0
76,115791,61746,3,Self-employed,35962,1,453,1
28,141339,84544,4,Employed,92818,0,554,0
33,27585,73832,1,Unemployed,12645,0,581,1
79,79355,69476,3,Self-employed,89491,0,578,0
25,141526,30016,2,Self-employed,54032,0,625,0
49,85323,86318,3,Self-employed,25563,1,447,0
40,20436,44146,3,Unemployed,69362,1,455,1
47,61837,42307,5,Self-employed,8202,0,543,0
71,27508,67339,1,Unemployed,99575,0,609,0
49,84818,2007,1,Self-employed,30918,0,604,1
47,40151,22147,0,Employed,96076,1,475,1
70,25014,72514,1,Unemployed,91862,0,587,1
74,141887,1585,2,Unemployed,18327,0,583,1
77,82960,4190,4,Self-employed,84176,0,582,0
76,24157,69410,1,Employed,61474,1,489,0
27,77152,73614,4,Self-employed,82327,1,437,0
25,95538,28596,4,Self-employed,63281,1,470,0
26,112985,54036,5,Employed,51850,1,421,0
25,25815,12981,0,Self-employed,9621,0,588,1
41,123328,24776,4,Unemployed,60181,1,408,0
77,108422,97581,1,Self-employed,75440,0,560,0
36,64465,32057,1,Unemployed,74573,1,498,0
62,16891,69281,1,Self-employed,578,0,599,1
79,21319,18140,1,Employed,24270,1,476,1
41,93706,37348,3,Unemployed,81250,1,432,0
44,25807,90555,2,Employed,97660,1,426,1
41,86809,22148,2,Unemployed,35814,0,615,1
65,123295,55647,1,Employed,8924,0,631,1
65,64333,48729,0,Self-employed,83152,0,614,1
38,62329,45565,1,Employed,29320,1,487,1
40,45276,59518,4,Self-employed,67612,0,576,1
74,61971,58002,5,Self-employed,61493,0,544,1
62,138229,28477,2,Unemployed,89523,1,434,0
38,134021,65664,1,Self-employed,87952,0,569,0
79,29278,82948,4,Unemployed,12626,0,548,1
48,38762,55305,4,Self-employed,42941,0,562,0
48,75329,4203,0,Self-employed,81736,1,471,0
79,81890,1142,0,Self-employed,45441,0,594,1
62,31024,2864,4,Employed,64755,1,434,0
32,93772,25141,3,Unemployed,89076,1,440,1
41,28477,34893,2,Unemployed,57496,0,570,1
68,96421,94635,3,Employed,83144,1,464,1
38,149106,97765,2,Self-employed,2915,1,464,0
22,26193,67455,3,Self-employed,31855,1,474,0
33,87525,18173,1,Unemployed,58922,1,444,0
50,69991,63630,1,Unemployed,14356,1,524,0
70,52884,65676,2,Self-employed,85438,0,590,1
58,34565,61694,5,Self-employed,72263,1,424,1
28,112231,32533,2,Employed,41304,0,560,0
67,95960,82448,4,Employed,44220,1,460,1
55,70598,54828,3,Self-employed,82870,0,533,1
55,75627,63018,2,Employed,53652,1,464,0
51,126582,62786,4,Unemployed,66256,0,598,1
54,108331,80054,2,Employed,80858,1,476,0
63,112057,95934,0,Unemployed,61828,0,645,1
60,28160,2958,5,Unemployed,76535,1,425,0
67,28406,14271,1,Self-employed,6351,1,473,1
23,93423,5501,1,Unemployed,65415,0,587,1
33,145124,21629,0,Self-employed,97373,1,470,0
80,34355,33284,2,Unemployed,85803,0,581,0
30,65301,63640,5,Self-employed,89156,1,406,0
66,21538,8299,0,Employed,50899,0,575,0
59,84377,79940,0,Employed,84789,1,480,1
68,143533,94986,0,Employed,69190,0,625,1
38,79815,87332,4,Employed,61910,1,450,0
24,119536,6599,1,Employed,53663,1,485,1
42,58641,79776,5,Self-employed,78471,0,555,0
44,52483,15298,4,Self-employed,48586,0,549,0
26,110786,32391,0,Self-employed,61867,0,577,1
60,125013,5417,5,Employed,93812,1,448,1
76,63169,31407,0,Unemployed,55407,0,614,0
55,28592,82586,5,Unemployed,20930,0,608,0
64,59171,18461,4,Self-employed,75332,1,449,0
59,88468,25497,2,Unemployed,40071,0,617,1
21,139002,3616,0,Self-employed,99377,1,459,1
23,114684,76411,1,Employed,35570,0,581,1
79,30600,64861,2,Self-employed,96210,0,558,1
80,71129,39974,5,Unemployed,44560,1,407,0
76,86101,76422,1,Unemployed,40861,0,617,0
38,35590,1186,4,Employed,15558,1,482,0
31,86706,67934,2,Unemployed,75970,1,425,0
59,129742,40149,1,Self-employed,98768,1,470,0
46,67501,85618,1,Self-employed,65990,1,469,0
26,81236,68445,4,Unemployed,22286,1,474,1
75,75868,597,3,Self-employed,84487,0,536,1
36,46863,1432,2,Employed,45776,1,483,0
69,27464,65247,0,Unemployed,21426,0,584,0
69,142370,77545,0,Self-employed,66884,1,470,1
41,131523,57416,5,Unemployed,89708,0,558,1
62,106274,40952,5,Unemployed,31436,0,586,1
61,139256,15025,1,Unemployed,14999,1,483,1
31,129553,29909,1,Self-employed,63607,0,599,0
35,135665,4621,0,Self-employed,33675,0,584,0
38,71151,83587,3,Unemployed,68150,0,602,0
26,117680,16060,1,Employed,58902,0,640,0
65,87812,12248,1,Self-employed,34435,1,502,0
62,74474,19267,1,Employed,71092,0,602,1
61,140091,31603,1,Unemployed,65175,1,450,0
56,140309,3031,3,Unemployed,85000,0,567,1
70,132764,81742,2,Employed,46538,1,476,0
38,56628,76166,4,Employed,81683,0,595,0
36,59900,51152,1,Unemployed,58863,1,451,0
33,39339,54183,2,Unemployed,6366,0,617,0
34,35744,12818,5,Self-employed,81730,0,532,0
31,107384,62640,3,Self-employed,21023,0,596,1
43,42698,27645,3,Self-employed,12085,1,499,1
30,87700,45003,1,Employed,94316,1,498,1
37,130992,39348,2,Self-employed,47398,1,477,0
58,92706,81664,2,Employed,49396,0,557,0
50,59674,64952,4,Employed,56356,0,587,1
46,128996,82972,4,Unemployed,5570,0,591,0
42,140284,77157,1,Employed,4349,1,465,0
74,113328,89755,3,Employed,34235,0,608,1
30,88954,48017,5,Self-employed,71929,0,544,0
75,63003,75254,0,Self-employed,1208,1,509,1
29,128276,3949,2,Employed,16522,1,444,0
67,37284,26105,5,Self-employed,27111,1,453,1
38,37377,79043,5,Self-employed,67120,1,386,0
77,141021,75268,1,Employed,32943,0,590,0
49,58046,47849,0,Employed,27646,0,647,1
64,128109,54920,0,Employed,10045,0,613,0
30,119563,93038,2,Employed,1860,0,579,0
33,85115,23783,4,Unemployed,10479,0,598,1
39,139709,3600,5,Employed,12929,0,550,0
73,94206,30576,5,Self-employed,75531,0,550,1
64,103077,59936,0,Unemployed,30361,1,501,0
55,18804,78766,5,Employed,92885,1,421,0
29,76548,42385,1,Unemployed,69988,1,452,0
37,125838,12412,0,Self-employed,26131,1,523,0
36,55200,12645,0,Employed,65554,1,441,1
40,110492,94568,2,Employed,28928,0,631,0
78,95392,16924,4,Self-employed,15090,1,436,1
61,109285,22181,2,Self-employed,53672,0,604,0
28,122536,5696,2,Self-employed,75296,1,432,0
56,126233,74561,4,Unemployed,85925,0,590,0
38,67233,42656,1,Self-employed,47694,1,504,0
59,106680,79159,0,Self-employed,37227,1,515,1
66,131112,56842,5,Employed,23783,0,600,1
48,32810,89433,0,Unemployed,85403,1,441,1
68,63462,95147,1,Unemployed,20492,1,511,1
24,131447,35922,1,Employed,48225,0,624,0
32,119568,14618,5,Self-employed,65160,1,439,1
68,138019,4774,0,Self-employed,94557,0,639,1
40,29909,66976,3,Employed,58035,0,606,0
70,129990,21017,0,Unemployed,41785,1,476,0
30,34630,77384,5,Unemployed,16576,0,539,0
45,30157,83138,1,Employed,70190,0,595,0
61,132092,89694,1,Unemployed,94177,1,465,1
40,69650,53647,4,Employed,34060,0,578,1
29,66933,49404,2,Self-employed,88988,0,586,0
65,16359,15995,4,Self-employed,29626,0,610,0
23,51628,23329,2,Employed,37699,0,616,0
75,62123,30365,3,Self-employed,7930,1,442,1
27,16407,3630,4,Self-employed,57712,0,524,1
56,139652,36128,4,Self-employed,35751,0,604,0
79,45563,31032,3,Self-employed,23343,0,602,0
27,123948,78641,3,Unemployed,21153,0,606,1
74,87615,43222,4,Unemployed,19290,0,575,0
61,104999,42271,5,Unemployed,94484,0,543,0
26,118744,76294,1,Self-employed,56520,0,625,1
49,23244,84447,0,Unemployed,39104,0,608,0
47,88591,91851,2,Self-employed,85210,0,570,1
39,38370,29763,0,Employed,66035,1,451,0
78,57079,53776,4,Unemployed,15217,0,565,0
24,143769,63021,5,Unemployed,72369,0,574,1
32,98144,11222,3,Self-employed,93650,1,438,1
79,117744,33771,5,Self-employed,42533,1,458,0
75,117859,57674,0,Employed,98106,0,609,1
65,24914,44218,2,Unemployed,24214,0,621,0
67,94432,8300,2,Self-employed,86946,0,582,0
69,108156,64320,2,Unemployed,41061,0,624,1
63,85669,63467,4,Employed,39134,0,584,0
54,29858,26403,4,Self-employed,27262,1,470,0
50,106121,35528,5,Unemployed,64425,0,535,1
72,129828,90909,4,Employed,62060,1,485,1
77,39619,99441,0,Unemployed,27435,1,462,0
66,83143,92453,4,Employed,31048,0,578,1
71,94849,59619,0,Employed,26651,1,454,1
77,83178,69177,3,Unemployed,67672,0,608,1
28,103990,80420,5,Self-employed,55924,0,586,1
35,25307,91178,0,Self-employed,86679,0,565,0
51,107149,49177,2,Employed,77320,0,552,0
29,98298,71756,4,Self-employed,86641,0,571,0
60,110859,7963,5,Employed,690,1,487,1
33,62340,71292,5,Unemployed,40126,1,464,1
42,30886,95943,0,Employed,39561,0,647,1
58,76912,38771,0,Employed,23608,0,621,1
54,131361,44365,0,Unemployed,7646,0,664,1
28,99329,56035,2,Employed,91439,0,607,1
49,130934,85499,2,Unemployed,25019,0,646,1
35,100680,73521,4,Employed,77877,1,451,0
31,73726,60684,5,Self-employed,39685,0,546,0
60,148158,84244,5,Self-employed,25144,0,601,1
69,81205,34759,2,Unemployed,10657,1,484,1
38,88818,4481,0,Employed,33119,0,599,1
23,75843,52107,3,Self-employed,88359,1,459,0
61,44435,6506,0,Self-employed,69747,1,473,0
65,145596,29214,4,Unemployed,34637,1,488,1
80,53345,13288,4,Employed,57466,0,593,1
48,107539,87346,3,Unemployed,97128,0,564,0
38,112811,67382,5,Self-employed,40220,1,404,0
21,71230,44302,3,Self-employed,12344,0,614,0
38,27007,26043,3,Unemployed,19288,0,564,0
69,59866,54215,2,Self-employed,38958,1,425,1
33,108194,20942,1,Unemployed,1905,0,623,0
22,77955,24531,0,Employed,77474,0,589,0
47,107092,18917,3,Employed,99751,0,564,1
47,43505,31830,5,Unemployed,87076,1,383,0
39,98491,85692,3,Employed,85309,1,451,0
33,76196,76786,3,Self-employed,80218,1,445,0
32,93373,5342,0,Self-employed,78488,1,471,1
57,21445,25752,4,Unemployed,27510,1,481,0
58,34367,47047,3,Unemployed,2577,1,476,1
59,149442,54600,4,Self-employed,97275,1,394,1
